ticker,sample_size,true_during_week_rate,average_best_correct_return_pct,average_adverse_move_pct,average_conviction_score,buy_calls,sell_calls,watch_calls
SNDK,52,80.77,10.4,-6.375,31.44,16,0,36
MPWR,236,79.24,4.969,-3.98,28.77,41,18,177
APP,229,79.04,7.333,-6.237,37.34,71,25,133
Q,17,76.47,6.829,-3.751,37.06,8,0,9
HOOD,216,76.39,6.487,-5.953,32.3,39,25,152
GNRC,236,75.85,4.994,-4.251,28.86,27,25,184
CCL,236,75.42,5.651,-4.348,29.65,33,28,175
COHR,236,75.0,5.624,-5.178,29.95,40,21,175
CVNA,236,75.0,9.796,-7.762,32.82,39,38,159
SMCI,236,73.73,7.147,-6.707,34.28,63,15,158
PLTR,236,73.31,5.649,-5.748,34.54,65,12,159
DDOG,236,72.88,5.242,-4.805,28.88,32,25,179
TSLA,236,72.88,5.163,-4.739,31.89,53,19,164
CRWD,236,72.46,4.712,-4.086,27.61,35,18,183
NCLH,236,72.03,5.255,-4.453,29.18,37,29,170
DASH,236,71.61,4.952,-4.891,28.58,29,26,181
LRCX,236,71.61,3.941,-3.847,27.92,40,15,181
NVDA,236,71.61,4.607,-4.17,34.32,72,11,153
WBD,236,71.61,4.558,-4.255,25.43,18,20,198
XYZ,236,71.61,4.97,-5.233,29.92,36,32,168
EQT,236,71.19,3.721,-3.617,24.51,24,6,206
ON,236,71.19,4.555,-4.356,28.13,32,14,190
AMAT,236,70.76,3.719,-3.538,25.91,34,12,190
VRT,236,70.76,5.062,-4.921,30.42,50,17,169
AMD,236,70.34,5.152,-4.379,34.11,61,13,162
LITE,236,70.34,5.027,-4.534,28.48,36,22,178
TER,236,70.34,4.257,-3.553,27.16,32,15,189
TPL,236,70.34,4.129,-3.39,24.69,29,13,194
TTD,236,70.34,5.022,-5.218,26.58,26,31,179
DECK,236,69.92,3.597,-3.44,25.12,20,13,203
EPAM,236,69.92,4.106,-3.846,26.74,15,27,194
META,236,69.92,3.784,-2.973,29.14,48,11,177
MU,236,69.92,4.441,-4.322,27.29,34,14,188
RCL,236,69.92,4.582,-3.679,28.36,36,18,182
COIN,229,69.87,7.7,-6.856,34.19,46,33,150
DLTR,236,69.49,3.155,-2.715,24.93,19,11,206
SWKS,236,69.49,3.276,-2.799,22.73,11,14,211
VST,236,69.49,4.183,-3.771,25.95,32,10,194
WDC,236,69.49,4.787,-3.897,26.32,27,12,197
EXE,236,69.07,3.036,-2.998,21.6,14,3,219
MRNA,236,69.07,5.42,-5.164,27.86,27,29,180
NUE,236,69.07,3.625,-3.108,26.18,36,12,188
PSKY,236,69.07,4.073,-4.52,24.75,16,27,193
TECH,236,69.07,3.517,-3.616,23.13,10,17,209
CEG,193,68.91,4.255,-3.604,24.08,18,12,163
ALB,236,68.64,5.024,-4.935,30.48,38,27,171
DXCM,236,68.64,3.726,-3.583,25.66,26,24,186
BLDR,236,68.22,4.062,-3.908,28.68,37,25,174
NFLX,236,68.22,3.374,-2.888,28.47,46,9,181
STX,236,68.22,4.108,-3.394,24.82,28,7,201
UBER,236,68.22,3.921,-3.773,25.67,19,16,201
WSM,236,68.22,3.823,-3.657,26.21,29,16,191
AMZN,236,67.8,3.052,-2.956,28.48,44,11,181
APA,236,67.8,4.256,-4.218,26.85,34,19,183
BX,236,67.8,3.716,-3.145,25.19,20,16,200
FICO,236,67.8,3.321,-3.052,24.85,19,12,205
KLAC,236,67.8,3.566,-3.697,25.38,30,10,196
SATS,236,67.8,4.802,-4.504,25.01,22,19,195
UAL,236,67.8,4.298,-4.055,26.55,26,17,193
ALGN,236,67.37,4.145,-3.964,25.56,15,25,196
LEN,236,67.37,3.322,-3.13,25.33,20,13,203
CRL,236,66.95,3.42,-3.811,25.42,19,22,195
DAL,236,66.95,3.77,-3.105,24.49,24,13,199
DELL,236,66.95,4.157,-3.65,26.19,32,13,191
FTNT,236,66.95,3.362,-3.593,22.36,11,9,216
MPC,236,66.95,3.048,-2.767,23.09,21,6,209
TPR,236,66.95,3.641,-3.109,25.08,25,11,200
CIEN,236,66.53,3.882,-3.443,26.11,33,15,188
EFX,236,66.53,3.005,-2.693,22.02,12,13,211
LULU,236,66.53,3.662,-3.071,26.06,22,19,195
NOW,236,66.53,3.339,-3.508,23.69,12,13,211
TRGP,236,66.53,2.999,-2.786,22.28,17,3,216
URI,236,66.53,3.517,-3.228,25.47,28,13,195
GEV,95,66.32,4.802,-4.088,27.17,19,2,74
FSLR,236,66.1,4.378,-4.825,26.66,23,23,190
GEN,236,66.1,2.588,-2.452,21.63,11,7,218
HPE,236,66.1,3.279,-2.714,23.6,23,7,206
PHM,236,66.1,2.968,-2.975,25.06,23,8,205
PODD,236,66.1,3.794,-3.207,23.96,16,17,203
SYF,236,66.1,3.309,-2.828,23.36,19,10,207
ADSK,236,65.68,2.874,-2.937,21.44,12,11,213
ARES,236,65.68,3.309,-3.137,24.38,23,11,202
WAT,236,65.68,2.75,-2.749,21.92,14,10,212
SOLV,95,65.26,2.795,-2.794,21.52,2,2,91
CHTR,236,65.25,3.361,-2.707,22.26,10,20,206
DHI,236,65.25,3.159,-3.022,25.11,31,9,196
HPQ,236,65.25,2.932,-2.567,20.36,12,6,218
MCHP,236,65.25,3.749,-3.287,24.9,21,16,199
MOS,236,64.83,3.702,-3.927,26.01,20,17,199
AES,236,64.41,3.246,-2.918,23.29,17,13,206
CSGP,236,64.41,2.812,-3.238,21.96,12,10,214
EBAY,236,64.41,2.874,-2.634,21.63,16,6,214
PANW,236,64.41,3.188,-3.321,23.78,22,9,205
PYPL,236,64.41,3.512,-3.333,24.28,14,21,201
SNPS,236,64.41,2.954,-2.975,23.83,24,9,203
TGT,236,64.41,2.786,-2.466,21.21,13,8,215
UHS,236,64.41,3.001,-2.338,21.04,14,12,210
ABNB,236,63.98,3.686,-3.505,25.31,26,25,185
ADBE,236,63.98,2.909,-2.902,22.93,11,18,207
C,236,63.98,2.652,-2.448,21.54,11,5,220
CDNS,236,63.98,2.808,-2.908,23.42,25,6,205
EXPE,236,63.98,3.54,-3.578,24.52,20,12,204
NTAP,236,63.98,2.596,-2.554,20.61,12,8,216
WYNN,236,63.98,3.488,-3.541,23.16,11,10,215
ZBRA,236,63.98,3.452,-3.228,25.11,11,19,206
AVGO,236,63.56,3.518,-3.368,24.58,32,5,199
BA,236,63.56,3.107,-3.138,23.36,15,15,206
CFG,236,63.56,3.012,-2.662,22.64,17,10,209
CNC,236,63.56,3.011,-2.851,23.04,14,10,212
COF,236,63.56,2.924,-2.819,22.47,13,11,212
CVS,236,63.56,2.608,-2.421,19.18,6,3,227
GPN,236,63.56,2.942,-2.683,21.22,11,12,213
IBKR,236,63.56,2.936,-2.626,22.87,22,4,210
IVZ,236,63.56,3.205,-2.951,23.69,14,14,208
KEY,236,63.56,3.264,-2.786,22.25,17,7,212
MLM,236,63.56,2.42,-2.195,19.7,9,2,225
TTWO,236,63.56,2.522,-2.591,20.19,7,8,221
ULTA,236,63.56,2.94,-2.609,21.44,16,8,212
VTRS,236,63.56,2.788,-2.659,21.58,13,9,214
ANET,236,63.14,3.622,-3.917,28.71,44,14,178
APTV,236,63.14,3.43,-2.976,23.06,14,18,204
BF-B,236,63.14,2.312,-2.368,19.59,9,9,218
FCX,236,63.14,3.79,-3.873,27.03,32,16,188
FIX,236,63.14,3.314,-3.506,24.89,41,5,190
GE,236,63.14,2.693,-2.486,21.61,20,8,208
OXY,236,63.14,3.548,-3.412,22.32,21,7,208
PWR,236,63.14,2.895,-2.979,24.05,28,4,204
TFC,236,63.14,2.771,-2.473,20.88,11,6,219
VLO,236,63.14,3.107,-3.101,24.31,30,7,199
ABBV,236,62.71,2.039,-1.885,18.74,8,2,226
APO,236,62.71,3.258,-2.956,24.08,20,9,207
F,236,62.71,3.377,-2.902,23.91,23,14,199
LLY,236,62.71,2.859,-2.593,20.87,14,3,219
LVS,236,62.71,3.403,-3.412,22.97,18,13,205
NEM,236,62.71,3.013,-3.005,24.9,29,8,199
NRG,236,62.71,3.097,-2.943,21.33,17,8,211
ORCL,236,62.71,3.261,-2.772,24.19,23,12,201
RVTY,236,62.71,2.914,-2.937,20.78,8,10,218
TMO,236,62.71,2.282,-2.217,19.14,8,3,225
TSCO,236,62.71,2.403,-2.398,20.09,6,7,223
WDAY,236,62.71,3.129,-3.226,20.91,8,13,215
CPAY,236,62.29,2.648,-2.489,20.81,4,7,225
HAS,236,62.29,2.751,-2.65,20.39,10,8,218
KKR,236,62.29,3.462,-3.055,25.23,29,12,195
MTB,236,62.29,2.736,-2.469,20.99,10,4,222
MTD,236,62.29,2.69,-2.438,21.14,16,5,215
RJF,236,62.29,2.361,-2.317,20.57,8,4,224
ROST,236,62.29,2.533,-2.066,19.39,9,5,222
STLD,236,62.29,3.591,-3.129,24.46,29,7,200
SWK,236,62.29,3.236,-2.857,22.89,18,18,200
TKO,236,62.29,2.968,-2.448,21.94,19,3,214
AAPL,236,61.86,2.259,-2.032,19.3,8,6,222
AXON,236,61.86,3.495,-3.978,25.11,22,19,195
CMI,236,61.86,2.534,-2.323,20.87,17,4,215
ELV,236,61.86,2.499,-2.217,19.08,10,4,222
EME,236,61.86,2.756,-2.617,21.08,19,4,213
FANG,236,61.86,3.19,-3.47,22.75,21,7,208
HAL,236,61.86,3.377,-3.379,23.78,28,11,197
IDXX,236,61.86,2.722,-2.634,21.04,11,6,219
INTC,236,61.86,4.171,-3.83,23.58,20,13,203
INTU,236,61.86,2.776,-3.078,21.3,9,14,213
LUV,236,61.86,3.208,-3.408,22.77,10,14,212
QCOM,236,61.86,3.217,-2.838,22.28,16,9,211
SHW,236,61.86,2.296,-2.162,20.3,10,3,223
CCI,236,61.44,2.34,-2.084,19.2,6,5,225
GM,236,61.44,2.901,-2.758,24.1,23,19,194
MSI,236,61.44,2.014,-1.696,18.43,3,4,229
NEE,236,61.44,2.448,-2.156,19.94,4,7,225
PH,236,61.44,2.335,-2.296,20.01,11,2,223
ROK,236,61.44,2.628,-2.464,21.58,15,6,215
SLB,236,61.44,3.104,-3.299,22.4,15,9,212
WELL,236,61.44,2.103,-1.825,18.41,8,1,227
ACGL,236,61.02,2.149,-1.838,16.56,2,0,234
AIG,236,61.02,2.067,-2.162,18.03,1,4,231
EIX,236,61.02,2.278,-1.837,18.4,4,5,227
FIS,236,61.02,2.516,-2.371,19.86,4,11,221
FISV,236,61.02,2.371,-2.224,18.42,4,10,222
GOOGL,236,61.02,2.549,-2.75,23.25,20,5,211
MGM,236,61.02,3.367,-3.302,23.45,21,11,204
PCAR,236,61.02,2.095,-2.209,19.72,10,4,222
REGN,236,61.02,2.433,-2.267,20.14,10,7,219
RL,236,61.02,3.085,-3.189,23.25,17,5,214
BALL,236,60.59,2.577,-2.588,20.92,4,6,226
CLX,236,60.59,2.153,-1.923,18.66,2,7,227
CRM,236,60.59,2.786,-2.961,23.41,17,13,206
DOV,236,60.59,2.219,-1.917,20.09,6,3,227
DVN,236,60.59,3.362,-3.498,23.24,19,9,208
EL,236,60.59,3.352,-3.171,25.03,18,21,197
FOX,236,60.59,2.23,-1.952,18.43,8,3,225
JBHT,236,60.59,2.708,-2.463,20.29,14,7,215
JBL,236,60.59,3.072,-3.106,23.0,22,6,208
MAS,236,60.59,2.716,-2.236,22.11,10,9,217
TDG,236,60.59,2.386,-2.38,18.96,6,1,229
TXN,236,60.59,2.604,-2.268,21.47,11,5,220
CTRA,234,60.26,2.914,-2.87,21.03,15,4,215
AXP,236,60.17,2.392,-2.197,20.19,8,5,223
CF,236,60.17,3.28,-3.212,23.64,20,5,211
DLR,236,60.17,2.474,-2.361,20.46,9,6,221
ERIE,236,60.17,2.392,-2.043,18.77,7,6,223
GDDY,236,60.17,2.632,-2.479,20.56,6,5,225
ISRG,236,60.17,2.662,-2.313,21.28,14,9,213
LYV,236,60.17,2.966,-2.738,22.36,20,8,208
MS,236,60.17,2.476,-2.328,20.61,10,6,220
NXPI,236,60.17,3.22,-3.345,24.12,21,12,203
SCHW,236,60.17,2.614,-2.575,20.9,10,11,215
VMC,236,60.17,2.354,-2.05,19.04,12,3,221
WY,236,60.17,2.283,-2.115,19.02,5,3,228
ADI,236,59.75,2.735,-2.45,21.69,21,5,210
AZO,236,59.75,2.21,-1.973,18.39,10,2,224
CARR,236,59.75,2.532,-2.535,21.17,13,4,219
COO,236,59.75,2.46,-2.171,19.15,6,6,224
COST,236,59.75,2.041,-1.752,17.53,4,1,231
DPZ,236,59.75,2.587,-2.068,20.88,12,12,212
FITB,236,59.75,2.809,-2.369,21.22,12,7,217
HUBB,236,59.75,2.479,-2.594,22.08,17,2,217
IQV,236,59.75,2.625,-2.602,21.27,14,14,208
IT,236,59.75,2.894,-2.363,20.11,12,11,213
KEYS,236,59.75,2.58,-2.262,21.29,16,4,216
MMM,236,59.75,2.236,-2.006,18.29,6,4,226
PSX,236,59.75,2.929,-2.805,23.18,18,8,210
SPGI,236,59.75,2.049,-1.755,17.73,3,6,227
A,236,59.32,2.395,-2.397,20.67,12,4,220
AKAM,236,59.32,2.497,-2.297,19.36,7,5,224
BK,236,59.32,2.119,-1.876,18.05,3,1,232
BKR,236,59.32,3.054,-2.888,23.0,24,11,201
CPB,236,59.32,2.07,-1.92,17.76,2,2,232
ESS,236,59.32,1.957,-1.851,17.15,4,2,230
FDX,236,59.32,2.588,-2.486,20.61,14,5,217
HLT,236,59.32,2.217,-2.24,18.89,7,7,222
IRM,236,59.32,2.763,-2.324,21.29,12,8,216
NKE,236,59.32,2.699,-2.776,20.3,7,13,216
NTRS,236,59.32,2.435,-2.241,19.92,12,6,218
NVR,236,59.32,2.346,-2.368,20.25,6,4,226
PNR,236,59.32,2.427,-2.274,20.83,9,6,221
PTC,236,59.32,2.474,-2.424,19.62,10,2,224
TROW,236,59.32,2.488,-2.217,20.65,9,10,217
ARE,236,58.9,2.966,-2.398,22.14,11,14,211
BLK,236,58.9,2.248,-2.118,19.48,6,7,223
CAH,236,58.9,2.211,-1.805,18.3,7,0,229
CBRE,236,58.9,2.593,-2.279,21.56,8,5,223
DE,236,58.9,2.336,-2.699,19.44,11,5,220
EQR,236,58.9,1.938,-1.744,16.47,0,2,234
FFIV,236,58.9,2.486,-1.946,20.37,11,9,216
HCA,236,58.9,2.606,-2.117,20.31,14,6,216
HST,236,58.9,2.64,-2.794,20.27,5,9,222
HUM,236,58.9,2.948,-2.612,21.41,14,11,211
HWM,236,58.9,2.549,-2.666,20.09,14,1,221
INCY,236,58.9,2.615,-2.377,20.65,13,4,219
ODFL,236,58.9,3.008,-2.902,22.57,22,12,202
PLD,236,58.9,2.315,-2.042,19.58,8,10,218
STT,236,58.9,2.601,-2.434,20.21,13,6,217
VRSK,236,58.9,2.061,-1.923,18.64,1,5,230
VRTX,236,58.9,1.971,-2.324,18.65,6,2,228
WST,236,58.9,2.91,-2.742,20.67,11,10,215
AMP,236,58.47,2.295,-2.326,20.74,12,5,219
BEN,236,58.47,2.812,-2.648,22.25,12,12,212
BKNG,236,58.47,2.672,-2.476,21.53,10,7,219
CI,236,58.47,2.099,-2.137,17.69,3,3,230
CMG,236,58.47,2.809,-2.559,22.42,14,10,212
CRH,236,58.47,2.466,-2.195,21.67,13,7,216
CSX,236,58.47,2.079,-1.905,18.13,5,1,230
GIS,236,58.47,1.777,-1.726,16.76,1,1,234
KR,236,58.47,2.116,-2.055,18.83,9,1,226
MAR,236,58.47,2.353,-2.376,20.97,14,6,216
MSFT,236,58.47,2.164,-1.987,18.69,14,3,219
PCG,236,58.47,2.293,-2.161,18.52,9,7,220
RF,236,58.47,2.781,-2.44,21.75,14,7,215
RMD,236,58.47,2.385,-2.613,20.03,12,6,218
CAT,236,58.05,2.778,-2.282,22.2,22,7,207
CDW,236,58.05,2.403,-2.271,19.39,5,9,222
DHR,236,58.05,2.198,-2.513,19.7,8,3,225
DOC,236,58.05,2.367,-2.077,18.71,4,8,224
EMR,236,58.05,2.159,-2.056,19.42,5,4,227
J,236,58.05,2.199,-2.034,16.92,6,3,227
MKC,236,58.05,2.077,-1.769,18.19,5,6,225
PFE,236,58.05,2.257,-2.019,18.97,8,2,226
TYL,236,58.05,2.525,-2.256,19.71,10,10,216
ACN,236,57.63,2.367,-2.206,19.76,6,7,223
APH,236,57.63,2.29,-2.286,19.56,10,2,224
CMCSA,236,57.63,2.212,-2.086,19.26,2,10,224
ETN,236,57.63,2.477,-2.405,21.2,18,2,216
EW,236,57.63,2.36,-2.516,19.99,13,6,217
FOXA,236,57.63,2.203,-2.035,18.72,9,5,222
HII,236,57.63,2.324,-2.038,19.06,10,4,222
IBM,236,57.63,2.141,-2.026,18.34,5,1,230
IP,236,57.63,2.573,-2.605,19.83,12,10,214
JCI,236,57.63,2.149,-2.351,19.99,8,5,223
NWS,236,57.63,2.256,-2.193,19.25,7,6,223
PFG,236,57.63,2.276,-2.096,18.76,4,3,229
TDY,236,57.63,1.976,-1.729,17.74,4,3,229
TJX,236,57.63,1.908,-1.652,16.94,6,3,227
TRMB,236,57.63,2.629,-2.63,20.42,7,12,217
USB,236,57.63,2.556,-2.244,19.88,11,6,219
KVUE,136,57.35,2.218,-2.096,20.26,6,3,127
ALLE,236,57.2,2.125,-1.897,19.26,7,5,224
BAC,236,57.2,2.402,-2.28,20.88,11,5,220
BG,236,57.2,2.423,-2.54,20.3,15,5,216
COP,236,57.2,2.739,-2.836,21.37,20,6,210
DGX,236,57.2,1.891,-1.798,17.11,3,1,232
DIS,236,57.2,2.482,-2.098,19.02,6,6,224
GLW,236,57.2,2.806,-2.653,21.63,17,2,217
VTR,236,57.2,2.174,-1.923,18.42,8,4,224
ZTS,236,57.2,2.157,-2.022,18.27,4,5,227
BBY,236,56.78,2.95,-2.926,22.48,14,10,212
NI,236,56.78,1.749,-1.62,15.99,2,3,231
NSC,236,56.78,2.116,-1.849,18.33,8,3,225
PRU,236,56.78,2.1,-2.069,17.85,2,4,230
WEC,236,56.78,1.687,-1.352,15.39,2,1,233
BIIB,236,56.36,2.291,-2.572,19.34,7,4,225
CASY,236,56.36,2.005,-2.055,18.94,12,0,224
CTVA,236,56.36,2.116,-2.228,17.95,7,3,226
DD,236,56.36,2.376,-2.382,19.36,8,4,224
DOW,236,56.36,2.726,-2.712,19.51,7,7,222
DUK,236,56.36,1.692,-1.377,15.42,1,3,232
ED,236,56.36,1.742,-1.428,15.7,1,1,234
HBAN,236,56.36,2.629,-2.499,21.42,14,7,215
IR,236,56.36,2.325,-2.59,21.28,10,7,219
JKHY,236,56.36,2.063,-1.82,16.93,0,2,234
KMI,236,56.36,1.917,-1.822,16.06,1,0,235
LII,236,56.36,2.72,-2.741,21.89,15,7,214
LOW,236,56.36,2.21,-2.236,19.3,7,6,223
MSCI,236,56.36,2.289,-2.402,19.96,14,9,213
NOC,236,56.36,1.964,-1.991,16.41,5,1,230
POOL,236,56.36,2.646,-2.604,21.36,10,12,214
PPG,236,56.36,2.206,-2.04,19.14,9,6,221
TT,236,56.36,2.233,-2.121,20.41,10,3,223
WFC,236,56.36,2.603,-2.698,21.26,14,6,216
AEP,236,55.93,1.92,-1.515,16.31,3,2,231
BR,236,55.93,1.967,-1.716,17.8,4,5,227
CAG,236,55.93,2.037,-1.686,16.42,3,2,231
CNP,236,55.93,1.681,-1.639,16.0,1,2,233
CPRT,236,55.93,2.123,-1.864,19.92,12,4,220
CTSH,236,55.93,2.321,-1.977,18.79,6,5,225
EXR,236,55.93,2.344,-2.2,19.0,7,6,223
GL,236,55.93,2.277,-2.137,15.98,3,1,232
GS,236,55.93,2.299,-2.156,20.22,11,2,223
HSY,236,55.93,1.96,-1.673,17.57,5,1,230
IEX,236,55.93,2.045,-1.924,17.88,7,3,226
KHC,236,55.93,1.812,-1.683,17.06,3,0,233
LH,236,55.93,1.967,-1.803,17.29,3,1,232
MRK,236,55.93,1.955,-1.982,17.24,6,4,226
O,236,55.93,1.686,-1.477,16.24,3,0,233
OMC,236,55.93,2.047,-2.131,19.13,5,3,228
SPG,236,55.93,2.29,-2.108,19.25,8,5,223
UPS,236,55.93,2.182,-2.291,20.44,8,8,220
AON,236,55.51,1.941,-1.713,17.47,2,2,232
AOS,236,55.51,2.173,-2.043,19.69,9,4,223
DG,236,55.51,2.536,-2.289,20.52,13,9,214
FAST,236,55.51,1.84,-1.859,18.89,6,3,227
MCO,236,55.51,2.067,-1.816,18.5,4,5,227
NWSA,236,55.51,2.225,-2.154,18.27,8,5,223
OTIS,236,55.51,1.814,-1.705,17.98,5,0,231
PNC,236,55.51,2.323,-2.119,19.47,9,3,224
SYK,236,55.51,2.051,-2.106,17.49,4,3,229
WAB,236,55.51,2.039,-2.164,18.89,5,1,230
WMB,236,55.51,2.122,-2.063,18.94,9,1,226
AMGN,236,55.08,1.947,-1.714,18.47,11,0,225
BAX,236,55.08,2.352,-2.38,19.7,9,11,216
CPT,236,55.08,1.96,-1.612,16.53,0,3,233
ETR,236,55.08,1.988,-1.724,17.3,4,2,230
EXC,236,55.08,1.879,-1.776,15.67,2,1,233
GILD,236,55.08,1.984,-1.727,16.51,6,0,230
HD,236,55.08,2.075,-1.912,18.67,5,3,228
SBAC,236,55.08,2.323,-2.104,19.25,8,7,221
TAP,236,55.08,2.18,-2.075,18.71,7,3,226
TXT,236,55.08,2.015,-2.345,18.37,3,2,231
UNH,236,55.08,2.463,-2.432,20.08,13,9,214
WRB,236,55.08,1.92,-1.694,17.44,4,2,230
ADM,236,54.66,2.179,-2.251,20.57,17,5,214
BXP,236,54.66,2.641,-2.743,21.21,18,13,205
DRI,236,54.66,1.979,-2.126,18.35,5,2,229
EOG,236,54.66,2.562,-2.661,21.49,16,9,211
EQIX,236,54.66,2.219,-2.166,20.67,8,6,222
GPC,236,54.66,1.92,-2.112,18.49,4,6,226
HSIC,236,54.66,2.126,-2.014,18.29,6,2,228
LDOS,236,54.66,2.023,-1.917,18.07,6,3,227
LYB,236,54.66,2.756,-2.702,19.66,8,7,221
MCK,236,54.66,2.075,-1.775,18.14,13,2,221
MET,236,54.66,2.094,-1.996,18.3,4,5,227
MNST,236,54.66,1.794,-1.957,18.31,5,3,228
PAYX,236,54.66,1.889,-1.924,16.94,0,2,234
PNW,236,54.66,1.769,-1.638,16.78,4,4,228
PPL,236,54.66,1.799,-1.438,15.36,1,0,235
RTX,236,54.66,1.805,-1.691,17.57,7,0,229
TEL,236,54.66,2.155,-2.31,19.1,4,5,227
XEL,236,54.66,1.814,-1.573,16.11,2,3,231
GEHC,153,54.25,2.296,-2.538,20.96,6,6,141
AJG,236,54.24,1.928,-1.735,17.91,6,3,227
ALL,236,54.24,2.112,-2.16,17.62,3,2,231
BRO,236,54.24,1.976,-1.678,18.25,2,8,226
CHRW,236,54.24,2.284,-2.476,19.58,16,3,217
DVA,236,54.24,2.776,-2.579,20.39,16,8,212
ES,236,54.24,1.984,-1.671,17.57,3,4,229
FDS,236,54.24,2.187,-2.001,18.22,4,6,226
GWW,236,54.24,1.958,-1.885,18.57,11,1,224
HIG,236,54.24,1.798,-1.768,16.65,2,0,234
LHX,236,54.24,1.91,-1.858,16.86,4,0,232
MDLZ,236,54.24,1.767,-1.552,17.12,3,0,233
REG,236,54.24,1.964,-1.688,16.61,4,3,229
SJM,236,54.24,2.046,-1.79,17.52,7,3,226
TMUS,236,54.24,1.806,-1.746,16.51,2,4,230
TSN,236,54.24,1.824,-1.702,17.62,5,2,229
VRSN,236,54.24,1.931,-1.846,18.56,5,4,227
AVB,236,53.81,1.885,-1.697,16.92,2,3,231
AWK,236,53.81,1.919,-1.795,17.61,6,2,228
CBOE,236,53.81,1.81,-1.874,17.65,4,0,232
CL,236,53.81,1.586,-1.316,15.9,0,0,236
EXPD,236,53.81,2.141,-2.112,18.11,11,2,223
ORLY,236,53.81,1.862,-1.864,17.68,6,1,229
PKG,236,53.81,1.987,-1.984,18.48,4,3,229
ROL,236,53.81,1.805,-1.879,18.29,7,3,226
SYY,236,53.81,1.857,-1.822,17.55,4,4,228
V,236,53.81,1.795,-1.892,15.53,2,2,232
XOM,236,53.81,2.113,-2.264,20.07,12,1,223
CB,236,53.39,1.62,-1.637,15.56,0,0,236
D,236,53.39,1.915,-1.786,17.45,4,3,229
DTE,236,53.39,1.625,-1.443,14.88,0,1,235
FRT,236,53.39,1.969,-1.749,16.71,3,3,230
LMT,236,53.39,1.923,-1.824,16.83,7,3,226
NDSN,236,53.39,1.937,-1.943,17.8,2,7,227
PG,236,53.39,1.532,-1.317,15.06,0,0,236
SBUX,236,53.39,2.273,-2.206,18.82,13,5,218
SRE,236,53.39,1.793,-1.71,16.27,1,4,231
TRV,236,53.39,1.69,-1.583,16.33,2,0,234
ZBH,236,53.39,2.176,-2.095,17.79,4,3,229
CMS,236,52.97,1.71,-1.408,15.09,1,3,232
MAA,236,52.97,1.921,-1.717,17.17,1,1,234
OKE,236,52.97,2.178,-2.286,18.81,8,1,227
PEG,236,52.97,1.724,-1.509,15.93,2,2,232
AIZ,236,52.54,1.877,-1.768,17.1,7,3,226
AMCR,236,52.54,1.976,-1.784,17.91,6,3,227
CSCO,236,52.54,1.92,-1.758,17.51,4,2,230
EG,236,52.54,1.915,-2.218,15.55,4,2,230
GRMN,236,52.54,1.852,-2.222,18.69,8,6,222
MA,236,52.54,1.949,-1.829,16.44,2,1,233
SO,236,52.54,1.642,-1.382,15.62,4,1,231
VICI,236,52.54,1.895,-1.794,15.29,1,0,235
AME,236,52.12,1.799,-1.628,17.39,5,0,231
BSX,236,52.12,1.795,-1.902,16.98,1,4,231
FTV,236,52.12,2.113,-1.823,16.83,1,2,233
NDAQ,236,52.12,1.8,-1.698,18.87,4,3,229
PEP,236,52.12,1.581,-1.359,15.72,2,1,233
PGR,236,52.12,1.831,-2.038,17.09,3,0,233
PM,236,52.12,1.804,-1.572,17.42,5,1,230
T,236,52.12,1.799,-1.551,17.27,5,1,230
ABT,236,51.69,1.756,-1.823,17.4,3,3,230
ATO,236,51.69,1.579,-1.458,14.99,1,1,234
BDX,236,51.69,1.751,-1.791,15.77,4,1,231
COR,236,51.69,1.986,-1.703,17.01,5,1,230
FE,236,51.69,1.582,-1.479,14.71,0,0,236
KIM,236,51.69,2.086,-1.854,18.54,6,4,226
LNT,236,51.69,1.65,-1.557,15.08,0,3,233
UDR,236,51.69,1.843,-1.582,16.76,3,3,230
AFL,236,51.27,1.72,-1.659,16.16,3,0,233
AVY,236,51.27,1.797,-1.985,17.42,5,3,228
CHD,236,51.27,1.708,-1.497,16.74,3,2,231
ECL,236,51.27,1.753,-1.919,17.87,1,5,230
ITW,236,51.27,1.735,-1.681,16.33,6,0,230
KMB,236,51.27,1.512,-1.435,15.58,1,0,235
STZ,236,51.27,1.855,-1.788,16.67,4,4,228
ADP,236,50.85,1.766,-1.612,17.15,7,4,225
AMT,236,50.85,2.288,-2.158,18.12,7,5,224
PSA,236,50.85,2.024,-1.973,17.6,2,2,232
APD,236,50.42,1.954,-2.049,18.2,6,2,228
CTAS,236,50.42,1.707,-1.642,16.72,3,4,229
KDP,236,50.42,1.692,-1.515,15.0,2,1,233
MDT,236,50.42,1.782,-1.593,16.69,1,1,234
SNA,236,50.42,1.853,-1.956,17.23,1,0,235
STE,236,50.42,1.871,-1.831,16.92,8,2,226
AEE,236,50.0,1.662,-1.521,14.97,1,0,235
BMY,236,50.0,1.859,-1.755,16.93,6,5,225
CME,236,50.0,1.565,-1.676,15.01,0,1,235
GD,236,50.0,1.532,-1.508,14.14,2,0,234
IFF,236,50.0,2.341,-2.393,19.43,7,9,220
INVH,236,50.0,1.785,-1.84,17.35,2,1,233
JPM,236,50.0,1.786,-1.863,17.81,4,3,229
MRSH,236,50.0,1.521,-1.475,15.6,1,2,233
CINF,236,49.58,1.801,-1.824,17.99,6,1,229
EVRG,236,49.58,1.673,-1.516,15.63,1,1,234
UNP,236,49.58,1.851,-1.685,16.05,1,2,233
WTW,236,49.58,1.659,-1.682,16.52,4,3,229
XYL,236,49.58,1.923,-1.912,19.39,8,5,223
WMT,236,49.15,1.63,-1.443,16.67,8,1,227
YUM,236,49.15,1.582,-1.659,15.89,5,1,230
JNJ,236,48.73,1.339,-1.197,14.53,3,0,233
HON,236,48.31,1.693,-1.52,16.53,5,1,230
ICE,236,48.31,1.766,-1.534,17.22,4,1,231
CVX,236,47.88,1.969,-2.035,18.84,6,3,227
HRL,236,47.88,1.623,-1.604,16.74,4,3,229
VLTO,115,47.83,1.615,-1.642,16.04,1,1,113
MO,236,47.46,1.642,-1.607,15.83,3,1,232
VZ,236,47.03,1.674,-1.561,15.23,4,1,231
L,236,46.61,1.384,-1.452,14.47,0,0,236
RSG,236,46.61,1.424,-1.262,15.0,0,0,236
KO,236,44.92,1.293,-1.089,14.59,1,0,235
MCD,236,44.92,1.423,-1.435,14.36,0,0,236
WM,236,44.92,1.396,-1.348,15.01,0,0,236
LIN,236,44.49,1.375,-1.491,15.75,3,2,231
ROP,236,44.49,1.644,-1.608,15.46,2,3,231
EA,236,43.64,1.565,-1.846,16.71,3,2,231
BRK-B,236,43.22,1.379,-1.212,14.65,1,0,235
SW,236,41.1,2.207,-3.002,21.83,15,13,208
