setup_type,forecast_direction,primary_regime,ticker_archetype,sample_size,true_during_week_rate,average_best_correct_return_pct,average_adverse_move_pct,average_held_to_end_pl_per_share,average_conviction_score,recommended_score_adjustment
MOMENTUM_CONTINUATION,UP,NORMAL,FINANCIAL,379,76.78,2.709,-2.119,1.5219,33.11,10
MOMENTUM_CONTINUATION,UP,NORMAL,MEGA_CAP_TECH,192,75.52,2.633,-2.218,0.8838,34.68,10
UP_OPPORTUNITY,UP,NORMAL,MEGA_CAP_TECH,134,80.6,2.985,-2.28,2.1694,13.49,10
UP_OPPORTUNITY,UP,HIGH_VOL,FINANCIAL,31,83.87,3.956,-2.444,2.3946,17.35,10
MOMENTUM_CONTINUATION,UP,NORMAL,NORMAL,22646,74.68,3.053,-2.649,0.8019,34.44,8
UP_OPPORTUNITY,UP,NORMAL,NORMAL,20037,74.06,3.213,-2.832,0.6238,14.81,8
DOWN_OPPORTUNITY,DOWN,NORMAL,NORMAL,14700,70.7,3.222,-3.098,0.246,13.83,8
BREAKDOWN_CONTINUATION,DOWN,NORMAL,NORMAL,12512,70.86,3.123,-3.093,0.3898,31.02,8
BREAKDOWN_CONTINUATION,DOWN,HIGH_VOL,NORMAL,5849,77.06,3.869,-4.224,-0.7724,34.87,8
DOWN_OPPORTUNITY,DOWN,HIGH_VOL,NORMAL,5064,75.32,3.737,-4.12,-0.5092,15.89,8
UP_OPPORTUNITY,UP,HIGH_VOL,NORMAL,3533,75.66,3.627,-3.307,0.3159,15.22,8
MOMENTUM_CONTINUATION,UP,HIGH_VOL,NORMAL,2595,70.4,3.288,-3.328,0.1329,35.62,8
MOMENTUM_CONTINUATION,UP,NORMAL,DEFENSIVE_STABLE,585,70.26,2.049,-1.682,0.7546,27.78,8
UP_OPPORTUNITY,UP,NORMAL,MOMENTUM_HIGH_BETA,578,81.14,5.443,-4.855,0.4475,28.23,8
MOMENTUM_CONTINUATION,UP,NORMAL,MOMENTUM_HIGH_BETA,542,86.16,6.321,-4.371,1.7878,58.69,8
MOMENTUM_CONTINUATION,UP,NORMAL,CYCLICAL,490,77.14,3.193,-2.572,1.3794,36.12,8
UP_OPPORTUNITY,UP,NORMAL,DEFENSIVE_STABLE,404,66.58,2.119,-1.886,0.78,11.39,8
UP_OPPORTUNITY,UP,NORMAL,CYCLICAL,380,74.74,3.299,-2.745,0.5942,15.19,8
DOWN_OPPORTUNITY,DOWN,NORMAL,DEFENSIVE_STABLE,321,67.29,2.165,-1.98,0.4624,10.42,8
DOWN_OPPORTUNITY,DOWN,NORMAL,MOMENTUM_HIGH_BETA,311,79.74,5.436,-5.207,0.2472,16.34,8
UP_OPPORTUNITY,UP,NORMAL,FINANCIAL,269,70.63,2.648,-2.691,0.5406,14.43,8
DOWN_OPPORTUNITY,DOWN,NORMAL,CYCLICAL,257,68.87,3.115,-3.151,-0.036,13.61,8
BREAKDOWN_CONTINUATION,DOWN,NORMAL,MOMENTUM_HIGH_BETA,230,74.78,5.532,-6.849,0.5921,37.95,8
BREAKDOWN_CONTINUATION,DOWN,HIGH_VOL,MOMENTUM_HIGH_BETA,152,76.32,6.794,-8.575,-2.3177,43.93,8
DOWN_OPPORTUNITY,DOWN,HIGH_VOL,MOMENTUM_HIGH_BETA,132,87.12,6.526,-6.26,2.7726,18.77,8
UP_OPPORTUNITY,UP,HIGH_VOL,DEFENSIVE_STABLE,100,76.0,2.428,-2.456,0.033,12.53,8
MOMENTUM_CONTINUATION,UP,HIGH_VOL,DEFENSIVE_STABLE,96,75.0,2.391,-2.085,0.7802,30.82,8
DOWN_OPPORTUNITY,DOWN,HIGH_VOL,CYCLICAL,96,73.96,3.846,-3.891,-0.3277,16.27,8
BREAKDOWN_CONTINUATION,DOWN,HIGH_VOL,FINANCIAL,93,78.49,3.404,-4.16,0.4084,35.1,8
UP_OPPORTUNITY,UP,HIGH_VOL,CYCLICAL,78,82.05,3.539,-3.448,-0.4142,14.63,8
DOWN_OPPORTUNITY,DOWN,NORMAL,MEGA_CAP_TECH,75,69.33,2.905,-2.741,0.8519,11.68,8
UP_OPPORTUNITY,UP,HIGH_VOL,MOMENTUM_HIGH_BETA,72,80.56,8.53,-5.643,1.7808,24.82,8
BREAKDOWN_CONTINUATION,DOWN,NORMAL,MEGA_CAP_TECH,65,67.69,2.664,-3.507,-1.3567,29.54,8
MOMENTUM_CONTINUATION,UP,HIGH_VOL,CYCLICAL,65,67.69,3.619,-3.374,1.3935,38.38,8
BREAKDOWN_CONTINUATION,DOWN,HIGH_VOL,MEGA_CAP_TECH,48,79.17,3.299,-4.321,-3.3484,33.73,8
MOMENTUM_CONTINUATION,UP,HIGH_VOL,MOMENTUM_HIGH_BETA,38,84.21,7.984,-4.973,1.7342,58.89,8
DOWN_OPPORTUNITY,DOWN,HIGH_VOL,MEGA_CAP_TECH,38,71.05,3.134,-3.671,0.0722,12.76,8
BREAKDOWN_CONTINUATION,DOWN,NORMAL,DEFENSIVE_STABLE,294,63.61,2.065,-2.067,0.0494,23.3,5
BREAKDOWN_CONTINUATION,DOWN,NORMAL,CYCLICAL,224,63.39,2.831,-2.935,-0.2304,32.24,5
BREAKDOWN_CONTINUATION,DOWN,HIGH_VOL,DEFENSIVE_STABLE,118,62.71,2.56,-2.707,-1.2611,26.26,5
BREAKDOWN_CONTINUATION,DOWN,NORMAL,FINANCIAL,116,62.93,2.529,-3.27,-1.5344,29.35,5
BREAKDOWN_CONTINUATION,DOWN,HIGH_VOL,CYCLICAL,105,61.9,3.147,-5.24,-3.6644,36.22,5
DOWN_OPPORTUNITY,DOWN,HIGH_VOL,DEFENSIVE_STABLE,88,60.23,2.368,-2.448,0.6269,11.33,5
DOWN_OPPORTUNITY,DOWN,HIGH_VOL,FINANCIAL,80,65.0,3.547,-4.232,-0.498,14.76,5
DOWN_OPPORTUNITY,DOWN,NORMAL,FINANCIAL,165,56.36,3.294,-2.974,0.1625,12.93,3
MOMENTUM_CONTINUATION,UP,HIGH_VOL,FINANCIAL,18,72.22,3.008,-2.344,1.67,32.67,0
UP_OPPORTUNITY,UP,HIGH_VOL,MEGA_CAP_TECH,17,64.71,3.324,-3.685,-2.1772,14.12,0
NO_CLEAN_SETUP,DOWN,NORMAL,NORMAL,15,80.0,4.447,-6.228,-0.8518,5.0,0
NO_CLEAN_SETUP,DOWN,HIGH_VOL,NORMAL,14,57.14,3.622,-10.937,-12.0349,5.79,0
OVERSOLD_BOUNCE,UP,HIGH_VOL,NORMAL,11,54.55,2.451,-3.005,0.1541,6.0,0
NO_CLEAN_SETUP,UP,NORMAL,NORMAL,10,100.0,8.57,-4.154,4.0378,5.4,0
NO_CLEAN_SETUP,UP,HIGH_VOL,NORMAL,5,100.0,7.728,-4.438,1.0154,5.2,0
MOMENTUM_CONTINUATION,UP,HIGH_VOL,MEGA_CAP_TECH,5,60.0,2.936,-4.614,-3.9723,35.2,0
NO_CLEAN_SETUP,DOWN,NORMAL,MOMENTUM_HIGH_BETA,3,66.67,10.673,-7.177,-1.0426,7.67,0
MEAN_REVERSION_SHORT,DOWN,NORMAL,NORMAL,2,100.0,7.215,-1.455,30.5771,5.0,0
NO_CLEAN_SETUP,UP,NORMAL,MOMENTUM_HIGH_BETA,2,100.0,5.9,-4.205,-0.623,7.0,0
OVERSOLD_BOUNCE,UP,NORMAL,DEFENSIVE_STABLE,2,0.0,0.62,-4.075,-3.0846,5.0,0
OVERSOLD_BOUNCE,UP,NORMAL,FINANCIAL,2,0.0,1.145,-4.845,-1.2601,5.0,0
OVERSOLD_BOUNCE,UP,HIGH_VOL,CYCLICAL,1,100.0,2.25,-1.58,0.8411,5.0,0
NO_CLEAN_SETUP,DOWN,HIGH_VOL,CYCLICAL,1,0.0,1.42,-13.53,-8.8463,5.0,0
NO_CLEAN_SETUP,UP,HIGH_VOL,MOMENTUM_HIGH_BETA,1,0.0,3.78,-29.7,-85.2125,13.0,0
NO_CLEAN_SETUP,NEUTRAL,NORMAL,NORMAL,17196,0.0,0.0,0.0,0.0,5.0,-10
NO_CLEAN_SETUP,NEUTRAL,HIGH_VOL,NORMAL,3998,0.0,0.0,0.0,0.0,5.0,-10
NO_CLEAN_SETUP,NEUTRAL,NORMAL,DEFENSIVE_STABLE,484,0.0,0.0,0.0,0.0,5.0,-10
NO_CLEAN_SETUP,NEUTRAL,NORMAL,CYCLICAL,359,0.0,0.0,0.0,0.0,5.0,-10
NO_CLEAN_SETUP,NEUTRAL,NORMAL,MOMENTUM_HIGH_BETA,222,0.0,0.0,0.0,0.0,5.09,-10
NO_CLEAN_SETUP,NEUTRAL,NORMAL,FINANCIAL,209,0.0,0.0,0.0,0.0,5.0,-10
NO_CLEAN_SETUP,NEUTRAL,HIGH_VOL,DEFENSIVE_STABLE,104,0.0,0.0,0.0,0.0,5.0,-10
NO_CLEAN_SETUP,NEUTRAL,NORMAL,MEGA_CAP_TECH,104,0.0,0.0,0.0,0.0,5.0,-10
NO_CLEAN_SETUP,NEUTRAL,HIGH_VOL,CYCLICAL,68,0.0,0.0,0.0,0.0,5.0,-10
NO_CLEAN_SETUP,NEUTRAL,HIGH_VOL,MOMENTUM_HIGH_BETA,63,0.0,0.0,0.0,0.0,5.08,-10
NO_CLEAN_SETUP,NEUTRAL,HIGH_VOL,FINANCIAL,54,0.0,0.0,0.0,0.0,5.0,-10
NO_CLEAN_SETUP,NEUTRAL,HIGH_VOL,MEGA_CAP_TECH,30,0.0,0.0,0.0,0.0,5.0,-10
OVERSOLD_BOUNCE,UP,NORMAL,NORMAL,27,33.33,1.387,-3.449,-2.3416,5.63,-10
