match_key,ticker,setup_type,direction,entry_day,sample_size,winning_trades,losing_trades,win_rate_pct,avg_pnl_pct,median_pnl_pct,avg_max_favorable_pct,avg_max_adverse_pct,profit_factor,recommended_score_adjustment,block_trade
setup_direction_any_day,ANY,MOMENTUM_CONTINUATION,UP,ANY,1159,1016,142,87.6618,1.5887,2.595,6.2865,-1.6467,3.615,10,False
setup_direction_day,ANY,MOMENTUM_CONTINUATION,UP,MONDAY,477,422,55,88.4696,1.7151,2.595,5.8019,-1.7603,4.3996,10,False
setup_direction_day,ANY,MOMENTUM_CONTINUATION,UP,TUESDAY,357,315,42,88.2353,1.5791,2.595,6.5729,-1.5745,3.4727,10,False
setup_direction_day,ANY,MOMENTUM_CONTINUATION,UP,WEDNESDAY,325,279,45,85.8462,1.4136,2.595,6.6832,-1.5592,2.9509,10,False
ticker_setup_direction_any_day,SNDK,MOMENTUM_CONTINUATION,UP,ANY,52,48,4,92.3077,1.8539,2.595,9.9194,-1.5068,4.4239,10,False
ticker_setup_direction_any_day,LITE,MOMENTUM_CONTINUATION,UP,ANY,42,39,3,92.8571,1.83,2.595,7.6494,-1.7885,4.2025,10,False
ticker_setup_direction_any_day,APP,MOMENTUM_CONTINUATION,UP,ANY,33,30,3,90.9091,1.7203,2.595,6.5074,-1.8971,3.9903,10,False
ticker_setup_direction_any_day,MU,MOMENTUM_CONTINUATION,UP,ANY,24,22,1,91.6667,2.2147,2.595,6.5856,-1.2453,14.5046,9,False
ticker_setup_direction_any_day,STX,MOMENTUM_CONTINUATION,UP,ANY,20,19,1,95.0,2.1213,2.595,8.7245,-1.4566,9.6921,9,False
ticker_setup_direction_any_day,CVNA,MOMENTUM_CONTINUATION,UP,ANY,28,26,2,92.8571,2.0374,2.595,5.8374,-1.1794,7.7735,9,False
ticker_setup_direction_any_day,MRNA,MOMENTUM_CONTINUATION,UP,ANY,20,19,1,95.0,2.0652,2.595,10.5945,-1.7457,6.1631,9,False
ticker_setup_direction_any_day,INTC,MOMENTUM_CONTINUATION,UP,ANY,26,23,3,88.4615,1.622,2.595,8.5434,-1.8847,3.408,9,False
ticker_setup_direction_any_day,PLTR,MOMENTUM_CONTINUATION,UP,ANY,28,25,3,89.2857,1.5674,2.595,5.7095,-2.2841,3.0912,9,False
ticker_setup_direction_any_day,WDC,MOMENTUM_CONTINUATION,UP,ANY,25,22,3,88.0,1.5007,2.595,8.4384,-1.7526,2.9168,9,False
ticker_setup_direction_any_day,HOOD,MOMENTUM_CONTINUATION,UP,ANY,36,30,6,83.3333,1.2039,2.595,6.4021,-2.3104,2.2559,9,False
ticker_setup_direction_any_day,SATS,MOMENTUM_CONTINUATION,UP,ANY,29,26,3,89.6552,1.4267,2.595,6.2466,-2.0688,2.724,8,False
ticker_setup_direction_any_day,COIN,MOMENTUM_CONTINUATION,UP,ANY,23,18,5,78.2609,0.4503,2.595,8.6197,-3.0422,1.2849,7,False
ticker_setup_direction_any_day,AMD,MOMENTUM_CONTINUATION,UP,ANY,19,19,0,100.0,2.595,2.595,7.6906,-1.2461,99.0,0,False
ticker_setup_direction_any_day,UAL,MOMENTUM_CONTINUATION,UP,ANY,11,11,0,100.0,2.595,2.595,5.2373,-1.1535,99.0,0,False
ticker_setup_direction_any_day,DELL,MOMENTUM_CONTINUATION,UP,ANY,10,10,0,100.0,2.595,2.595,7.5873,-1.2774,99.0,0,False
ticker_setup_direction_any_day,NCLH,MOMENTUM_CONTINUATION,UP,ANY,9,9,0,100.0,2.595,2.595,5.3158,-0.2946,99.0,0,False
ticker_setup_direction_any_day,ON,MOMENTUM_CONTINUATION,UP,ANY,9,9,0,100.0,2.595,2.595,8.8502,-0.2817,99.0,0,False
ticker_setup_direction_any_day,AXON,MOMENTUM_CONTINUATION,UP,ANY,7,7,0,100.0,2.1416,2.595,5.7103,-0.8339,99.0,0,False
ticker_setup_direction_any_day,CRWD,MOMENTUM_CONTINUATION,UP,ANY,7,7,0,100.0,2.595,2.595,6.5803,-0.1363,99.0,0,False
ticker_setup_direction_any_day,FIX,MOMENTUM_CONTINUATION,UP,ANY,7,7,0,100.0,2.307,2.595,4.8919,-1.4399,99.0,0,False
ticker_setup_direction_any_day,XYZ,MOMENTUM_CONTINUATION,UP,ANY,7,7,0,100.0,2.595,2.595,6.6376,-0.1743,99.0,0,False
ticker_setup_direction_any_day,AES,MOMENTUM_CONTINUATION,UP,ANY,6,6,0,100.0,2.595,2.595,4.0013,-0.5873,99.0,0,False
ticker_setup_direction_any_day,DDOG,MOMENTUM_CONTINUATION,UP,ANY,6,6,0,100.0,2.595,2.595,4.9455,-0.9523,99.0,0,False
ticker_setup_direction_any_day,GNRC,MOMENTUM_CONTINUATION,UP,ANY,6,6,0,100.0,2.2458,2.595,9.3467,-0.2952,99.0,0,False
ticker_setup_direction_any_day,NVDA,MOMENTUM_CONTINUATION,UP,ANY,6,6,0,100.0,2.2458,2.595,4.3793,-1.3428,99.0,0,False
ticker_setup_direction_any_day,ANET,MOMENTUM_CONTINUATION,UP,ANY,5,5,0,100.0,2.595,2.595,4.4622,-1.5286,99.0,0,False
ticker_setup_direction_any_day,HPE,MOMENTUM_CONTINUATION,UP,ANY,5,5,0,100.0,2.595,2.595,7.3312,-0.5704,99.0,0,False
ticker_setup_direction_any_day,WYNN,MOMENTUM_CONTINUATION,UP,ANY,5,5,0,100.0,2.595,2.595,5.2822,-0.424,99.0,0,False
ticker_setup_direction_any_day,ADI,MOMENTUM_CONTINUATION,UP,ANY,4,4,0,100.0,2.595,2.595,5.453,0.0,99.0,0,False
ticker_setup_direction_any_day,CHTR,MOMENTUM_CONTINUATION,UP,ANY,4,4,0,100.0,2.595,2.595,5.793,-0.1618,99.0,0,False
ticker_setup_direction_any_day,HUM,MOMENTUM_CONTINUATION,UP,ANY,4,4,0,100.0,2.1963,2.595,6.9058,-1.8322,99.0,0,False
ticker_setup_direction_any_day,IDXX,MOMENTUM_CONTINUATION,UP,ANY,4,4,0,100.0,1.5475,1.5475,3.6803,-1.591,99.0,0,False
ticker_setup_direction_any_day,LRCX,MOMENTUM_CONTINUATION,UP,ANY,4,4,0,100.0,2.595,2.595,7.9588,-2.0305,99.0,0,False
ticker_setup_direction_any_day,RCL,MOMENTUM_CONTINUATION,UP,ANY,4,4,0,100.0,2.595,2.595,5.6187,0.0,99.0,0,False
ticker_setup_direction_any_day,REGN,MOMENTUM_CONTINUATION,UP,ANY,4,4,0,100.0,2.595,2.595,4.9907,-0.2675,99.0,0,False
ticker_setup_direction_any_day,RVTY,MOMENTUM_CONTINUATION,UP,ANY,4,4,0,100.0,2.595,2.595,5.6815,0.0,99.0,0,False
ticker_setup_direction_any_day,VTRS,MOMENTUM_CONTINUATION,UP,ANY,4,4,0,100.0,2.595,2.595,5.9785,0.0,99.0,0,False
ticker_setup_direction_any_day,AMAT,MOMENTUM_CONTINUATION,UP,ANY,3,3,0,100.0,2.1757,2.595,4.303,-0.8333,99.0,0,False
ticker_setup_direction_any_day,BKR,MOMENTUM_CONTINUATION,UP,ANY,3,3,0,100.0,1.8967,2.595,6.07,-1.4173,99.0,0,False
ticker_setup_direction_any_day,CASY,MOMENTUM_CONTINUATION,UP,ANY,3,3,0,100.0,1.8967,2.595,3.82,-0.9873,99.0,0,False
ticker_setup_direction_any_day,CHRW,MOMENTUM_CONTINUATION,UP,ANY,3,3,0,100.0,1.7367,2.595,2.9327,-0.4333,99.0,0,False
ticker_setup_direction_any_day,CVS,MOMENTUM_CONTINUATION,UP,ANY,3,3,0,100.0,2.595,2.595,5.7933,-0.563,99.0,0,False
ticker_setup_direction_any_day,DHI,MOMENTUM_CONTINUATION,UP,ANY,3,3,0,100.0,2.595,2.595,4.85,-0.804,99.0,0,False
ticker_setup_direction_any_day,DVA,MOMENTUM_CONTINUATION,UP,ANY,3,3,0,100.0,2.595,2.595,14.1037,0.0,99.0,0,False
ticker_setup_direction_any_day,EXPE,MOMENTUM_CONTINUATION,UP,ANY,3,3,0,100.0,2.595,2.595,4.424,-0.363,99.0,0,False
ticker_setup_direction_any_day,GRMN,MOMENTUM_CONTINUATION,UP,ANY,3,3,0,100.0,2.595,2.595,6.3013,0.0,99.0,0,False
ticker_setup_direction_any_day,HII,MOMENTUM_CONTINUATION,UP,ANY,3,3,0,100.0,1.518,1.459,3.103,-2.9187,99.0,0,False
ticker_setup_direction_any_day,IBKR,MOMENTUM_CONTINUATION,UP,ANY,3,3,0,100.0,2.595,2.595,4.9163,-0.4847,99.0,0,False
ticker_setup_direction_any_day,IVZ,MOMENTUM_CONTINUATION,UP,ANY,3,3,0,100.0,2.595,2.595,6.2213,-0.3463,99.0,0,False
ticker_setup_direction_any_day,LLY,MOMENTUM_CONTINUATION,UP,ANY,3,3,0,100.0,2.595,2.595,3.2213,-0.3907,99.0,0,False
ticker_setup_direction_any_day,LVS,MOMENTUM_CONTINUATION,UP,ANY,3,3,0,100.0,2.0307,2.595,3.039,-1.5437,99.0,0,False
ticker_setup_direction_any_day,NTRS,MOMENTUM_CONTINUATION,UP,ANY,3,3,0,100.0,2.595,2.595,3.954,-0.3447,99.0,0,False
ticker_setup_direction_any_day,PANW,MOMENTUM_CONTINUATION,UP,ANY,3,3,0,100.0,2.595,2.595,7.938,-1.5793,99.0,0,False
ticker_setup_direction_any_day,PODD,MOMENTUM_CONTINUATION,UP,ANY,3,3,0,100.0,2.595,2.595,6.7043,-0.046,99.0,0,False
ticker_setup_direction_any_day,QCOM,MOMENTUM_CONTINUATION,UP,ANY,3,3,0,100.0,2.595,2.595,15.8023,-2.625,99.0,0,False
ticker_setup_direction_any_day,AMT,MOMENTUM_CONTINUATION,UP,ANY,2,2,0,100.0,2.595,2.595,4.473,0.0,99.0,0,False
ticker_setup_direction_any_day,BA,MOMENTUM_CONTINUATION,UP,ANY,2,2,0,100.0,2.595,2.595,4.194,-0.227,99.0,0,False
ticker_setup_direction_any_day,CAH,MOMENTUM_CONTINUATION,UP,ANY,2,2,0,100.0,2.595,2.595,4.091,-0.3585,99.0,0,False
ticker_setup_direction_any_day,CMCSA,MOMENTUM_CONTINUATION,UP,ANY,2,2,0,100.0,2.595,2.595,5.69,0.0,99.0,0,False
ticker_setup_direction_any_day,DASH,MOMENTUM_CONTINUATION,UP,ANY,2,2,0,100.0,2.595,2.595,10.2735,-0.441,99.0,0,False
ticker_setup_direction_any_day,DXCM,MOMENTUM_CONTINUATION,UP,ANY,2,2,0,100.0,2.595,2.595,6.7495,0.0,99.0,0,False
ticker_setup_direction_any_day,EPAM,MOMENTUM_CONTINUATION,UP,ANY,2,2,0,100.0,2.595,2.595,5.7495,0.0,99.0,0,False
ticker_setup_direction_any_day,EQT,MOMENTUM_CONTINUATION,UP,ANY,2,2,0,100.0,2.595,2.595,4.7285,-0.4745,99.0,0,False
ticker_setup_direction_any_day,HSY,MOMENTUM_CONTINUATION,UP,ANY,2,2,0,100.0,2.595,2.595,9.2865,0.0,99.0,0,False
ticker_setup_direction_any_day,HWM,MOMENTUM_CONTINUATION,UP,ANY,2,2,0,100.0,2.595,2.595,3.908,-0.1485,99.0,0,False
ticker_setup_direction_any_day,IBM,MOMENTUM_CONTINUATION,UP,ANY,2,2,0,100.0,1.5475,1.5475,3.6455,-1.5345,99.0,0,False
ticker_setup_direction_any_day,IQV,MOMENTUM_CONTINUATION,UP,ANY,2,2,0,100.0,2.595,2.595,10.927,0.0,99.0,0,False
ticker_setup_direction_any_day,KLAC,MOMENTUM_CONTINUATION,UP,ANY,2,2,0,100.0,1.447,1.447,3.4815,-0.4705,99.0,0,False
ticker_setup_direction_any_day,KVUE,MOMENTUM_CONTINUATION,UP,ANY,2,2,0,100.0,2.595,2.595,3.7275,0.0,99.0,0,False
ticker_setup_direction_any_day,LEN,MOMENTUM_CONTINUATION,UP,ANY,2,2,0,100.0,1.3355,1.3355,2.36,-0.5375,99.0,0,False
ticker_setup_direction_any_day,MPWR,MOMENTUM_CONTINUATION,UP,ANY,2,2,0,100.0,2.595,2.595,4.4235,-1.482,99.0,0,False
ticker_setup_direction_any_day,RMD,MOMENTUM_CONTINUATION,UP,ANY,2,2,0,100.0,2.2285,2.2285,5.7485,0.0,99.0,0,False
ticker_setup_direction_any_day,ROK,MOMENTUM_CONTINUATION,UP,ANY,2,2,0,100.0,2.595,2.595,5.357,0.0,99.0,0,False
ticker_setup_direction_any_day,SBAC,MOMENTUM_CONTINUATION,UP,ANY,2,2,0,100.0,2.595,2.595,5.9075,0.0,99.0,0,False
ticker_setup_direction_any_day,SLB,MOMENTUM_CONTINUATION,UP,ANY,2,2,0,100.0,2.595,2.595,3.606,0.0,99.0,0,False
ticker_setup_direction_any_day,SW,MOMENTUM_CONTINUATION,UP,ANY,2,2,0,100.0,2.595,2.595,3.656,-3.468,99.0,0,False
ticker_setup_direction_any_day,SWK,MOMENTUM_CONTINUATION,UP,ANY,2,2,0,100.0,2.595,2.595,7.519,-0.0335,99.0,0,False
ticker_setup_direction_any_day,TEL,MOMENTUM_CONTINUATION,UP,ANY,2,2,0,100.0,2.595,2.595,6.6,0.0,99.0,0,False
ticker_setup_direction_any_day,TKO,MOMENTUM_CONTINUATION,UP,ANY,2,2,0,100.0,2.595,2.595,4.813,0.0,99.0,0,False
ticker_setup_direction_any_day,WDAY,MOMENTUM_CONTINUATION,UP,ANY,2,2,0,100.0,1.911,1.911,2.3385,-0.5035,99.0,0,False
ticker_setup_direction_any_day,AAPL,MOMENTUM_CONTINUATION,UP,ANY,1,1,0,100.0,2.595,2.595,4.523,0.0,99.0,0,False
ticker_setup_direction_any_day,ABT,MOMENTUM_CONTINUATION,UP,ANY,1,1,0,100.0,0.947,0.947,2.462,-0.047,99.0,0,False
ticker_setup_direction_any_day,ADBE,MOMENTUM_CONTINUATION,UP,ANY,1,1,0,100.0,2.595,2.595,3.67,0.0,99.0,0,False
ticker_setup_direction_any_day,ADM,MOMENTUM_CONTINUATION,UP,ANY,1,1,0,100.0,2.595,2.595,4.953,0.0,99.0,0,False
ticker_setup_direction_any_day,ADSK,MOMENTUM_CONTINUATION,UP,ANY,1,1,0,100.0,2.595,2.595,3.626,0.0,99.0,0,False
ticker_setup_direction_any_day,AIZ,MOMENTUM_CONTINUATION,UP,ANY,1,1,0,100.0,2.595,2.595,7.138,0.0,99.0,0,False
ticker_setup_direction_any_day,ALGN,MOMENTUM_CONTINUATION,UP,ANY,1,1,0,100.0,2.595,2.595,7.739,0.0,99.0,0,False
ticker_setup_direction_any_day,AVY,MOMENTUM_CONTINUATION,UP,ANY,1,1,0,100.0,2.595,2.595,13.603,0.0,99.0,0,False
ticker_setup_direction_any_day,BIIB,MOMENTUM_CONTINUATION,UP,ANY,1,1,0,100.0,2.595,2.595,5.401,-2.395,99.0,0,False
ticker_setup_direction_any_day,BLDR,MOMENTUM_CONTINUATION,UP,ANY,1,1,0,100.0,2.595,2.595,4.425,-0.867,99.0,0,False
ticker_setup_direction_any_day,BXP,MOMENTUM_CONTINUATION,UP,ANY,1,1,0,100.0,2.595,2.595,3.146,-2.575,99.0,0,False
ticker_setup_direction_any_day,C,MOMENTUM_CONTINUATION,UP,ANY,1,1,0,100.0,2.595,2.595,3.36,0.0,99.0,0,False
ticker_setup_direction_any_day,CAT,MOMENTUM_CONTINUATION,UP,ANY,1,1,0,100.0,2.595,2.595,6.376,0.0,99.0,0,False
ticker_setup_direction_any_day,CBOE,MOMENTUM_CONTINUATION,UP,ANY,1,1,0,100.0,2.595,2.595,2.64,0.0,99.0,0,False
ticker_setup_direction_any_day,CDNS,MOMENTUM_CONTINUATION,UP,ANY,1,1,0,100.0,2.595,2.595,5.366,0.0,99.0,0,False
ticker_setup_direction_any_day,CFG,MOMENTUM_CONTINUATION,UP,ANY,1,1,0,100.0,2.595,2.595,7.483,0.0,99.0,0,False
ticker_setup_direction_any_day,CMG,MOMENTUM_CONTINUATION,UP,ANY,1,1,0,100.0,2.595,2.595,6.521,0.0,99.0,0,False
ticker_setup_direction_any_day,CNP,MOMENTUM_CONTINUATION,UP,ANY,1,1,0,100.0,2.595,2.595,2.643,0.0,99.0,0,False
ticker_setup_direction_any_day,COO,MOMENTUM_CONTINUATION,UP,ANY,1,1,0,100.0,2.595,2.595,2.686,-0.495,99.0,0,False
ticker_setup_direction_any_day,COP,MOMENTUM_CONTINUATION,UP,ANY,1,1,0,100.0,2.595,2.595,4.402,0.0,99.0,0,False
ticker_setup_direction_any_day,CRH,MOMENTUM_CONTINUATION,UP,ANY,1,1,0,100.0,2.595,2.595,5.256,0.0,99.0,0,False
ticker_setup_direction_any_day,CSCO,MOMENTUM_CONTINUATION,UP,ANY,1,1,0,100.0,2.595,2.595,2.786,-3.3,99.0,0,False
ticker_setup_direction_any_day,DD,MOMENTUM_CONTINUATION,UP,ANY,1,1,0,100.0,2.595,2.595,5.331,0.0,99.0,0,False
ticker_setup_direction_any_day,DE,MOMENTUM_CONTINUATION,UP,ANY,1,1,0,100.0,2.595,2.595,3.424,0.0,99.0,0,False
ticker_setup_direction_any_day,EA,MOMENTUM_CONTINUATION,UP,ANY,1,1,0,100.0,2.595,2.595,4.825,0.0,99.0,0,False
ticker_setup_direction_any_day,EFX,MOMENTUM_CONTINUATION,UP,ANY,1,1,0,100.0,2.595,2.595,3.865,-0.747,99.0,0,False
ticker_setup_direction_any_day,EXPD,MOMENTUM_CONTINUATION,UP,ANY,1,1,0,100.0,2.595,2.595,8.338,0.0,99.0,0,False
ticker_setup_direction_any_day,FCX,MOMENTUM_CONTINUATION,UP,ANY,1,1,0,100.0,0.698,0.698,1.571,-1.765,99.0,0,False
ticker_setup_direction_any_day,FDS,MOMENTUM_CONTINUATION,UP,ANY,1,1,0,100.0,2.595,2.595,7.111,0.0,99.0,0,False
ticker_setup_direction_any_day,FICO,MOMENTUM_CONTINUATION,UP,ANY,1,1,0,100.0,2.595,2.595,7.49,0.0,99.0,0,False
ticker_setup_direction_any_day,FOX,MOMENTUM_CONTINUATION,UP,ANY,1,1,0,100.0,2.595,2.595,4.384,0.0,99.0,0,False
ticker_setup_direction_any_day,FOXA,MOMENTUM_CONTINUATION,UP,ANY,1,1,0,100.0,0.142,0.142,0.344,-2.507,99.0,0,False
ticker_setup_direction_any_day,HAL,MOMENTUM_CONTINUATION,UP,ANY,1,1,0,100.0,2.595,2.595,8.425,0.0,99.0,0,False
ticker_setup_direction_any_day,HAS,MOMENTUM_CONTINUATION,UP,ANY,1,1,0,100.0,0.5,0.5,2.368,-4.84,99.0,0,False
ticker_setup_direction_any_day,HBAN,MOMENTUM_CONTINUATION,UP,ANY,1,1,0,100.0,1.748,1.748,2.555,0.0,99.0,0,False
ticker_setup_direction_any_day,HSIC,MOMENTUM_CONTINUATION,UP,ANY,1,1,0,100.0,2.595,2.595,4.426,0.0,99.0,0,False
ticker_setup_direction_any_day,INVH,MOMENTUM_CONTINUATION,UP,ANY,1,1,0,100.0,0.588,0.588,2.118,-2.118,99.0,0,False
ticker_setup_direction_any_day,IP,MOMENTUM_CONTINUATION,UP,ANY,1,1,0,100.0,2.595,2.595,3.122,0.0,99.0,0,False
ticker_setup_direction_any_day,IR,MOMENTUM_CONTINUATION,UP,ANY,1,1,0,100.0,2.595,2.595,3.158,0.0,99.0,0,False
ticker_setup_direction_any_day,JBHT,MOMENTUM_CONTINUATION,UP,ANY,1,1,0,100.0,2.595,2.595,3.641,-1.118,99.0,0,False
ticker_setup_direction_any_day,JCI,MOMENTUM_CONTINUATION,UP,ANY,1,1,0,100.0,0.62,0.62,1.883,-1.676,99.0,0,False
ticker_setup_direction_any_day,KKR,MOMENTUM_CONTINUATION,UP,ANY,1,1,0,100.0,2.595,2.595,5.109,0.0,99.0,0,False
ticker_setup_direction_any_day,LDOS,MOMENTUM_CONTINUATION,UP,ANY,1,1,0,100.0,2.595,2.595,8.102,0.0,99.0,0,False
ticker_setup_direction_any_day,MDLZ,MOMENTUM_CONTINUATION,UP,ANY,1,1,0,100.0,2.595,2.595,4.484,0.0,99.0,0,False
ticker_setup_direction_any_day,META,MOMENTUM_CONTINUATION,UP,ANY,1,1,0,100.0,2.595,2.595,8.932,0.0,99.0,0,False
ticker_setup_direction_any_day,MRK,MOMENTUM_CONTINUATION,UP,ANY,1,1,0,100.0,2.595,2.595,3.22,-0.021,99.0,0,False
ticker_setup_direction_any_day,NDAQ,MOMENTUM_CONTINUATION,UP,ANY,1,1,0,100.0,2.595,2.595,4.571,0.0,99.0,0,False
ticker_setup_direction_any_day,NKE,MOMENTUM_CONTINUATION,UP,ANY,1,1,0,100.0,2.595,2.595,3.905,0.0,99.0,0,False
ticker_setup_direction_any_day,NWS,MOMENTUM_CONTINUATION,UP,ANY,1,1,0,100.0,2.595,2.595,2.646,-1.023,99.0,0,False
ticker_setup_direction_any_day,NXPI,MOMENTUM_CONTINUATION,UP,ANY,1,1,0,100.0,2.595,2.595,10.815,0.0,99.0,0,False
ticker_setup_direction_any_day,ODFL,MOMENTUM_CONTINUATION,UP,ANY,1,1,0,100.0,2.595,2.595,7.824,0.0,99.0,0,False
ticker_setup_direction_any_day,OXY,MOMENTUM_CONTINUATION,UP,ANY,1,1,0,100.0,2.595,2.595,2.789,-4.343,99.0,0,False
ticker_setup_direction_any_day,PHM,MOMENTUM_CONTINUATION,UP,ANY,1,1,0,100.0,2.595,2.595,5.036,0.0,99.0,0,False
ticker_setup_direction_any_day,PLD,MOMENTUM_CONTINUATION,UP,ANY,1,1,0,100.0,2.595,2.595,3.026,0.0,99.0,0,False
ticker_setup_direction_any_day,PTC,MOMENTUM_CONTINUATION,UP,ANY,1,1,0,100.0,2.595,2.595,11.692,0.0,99.0,0,False
ticker_setup_direction_any_day,PWR,MOMENTUM_CONTINUATION,UP,ANY,1,1,0,100.0,2.595,2.595,3.918,-0.889,99.0,0,False
ticker_setup_direction_any_day,Q,MOMENTUM_CONTINUATION,UP,ANY,1,1,0,100.0,2.595,2.595,11.612,0.0,99.0,0,False
ticker_setup_direction_any_day,RJF,MOMENTUM_CONTINUATION,UP,ANY,1,1,0,100.0,2.595,2.595,3.129,0.0,99.0,0,False
ticker_setup_direction_any_day,ROST,MOMENTUM_CONTINUATION,UP,ANY,1,1,0,100.0,2.595,2.595,10.779,0.0,99.0,0,False
ticker_setup_direction_any_day,SNA,MOMENTUM_CONTINUATION,UP,ANY,1,1,0,100.0,0.437,0.437,1.006,-1.196,99.0,0,False
ticker_setup_direction_any_day,STLD,MOMENTUM_CONTINUATION,UP,ANY,1,1,0,100.0,2.595,2.595,7.642,0.0,99.0,0,False
ticker_setup_direction_any_day,STT,MOMENTUM_CONTINUATION,UP,ANY,1,1,0,100.0,2.595,2.595,7.384,0.0,99.0,0,False
ticker_setup_direction_any_day,T,MOMENTUM_CONTINUATION,UP,ANY,1,1,0,100.0,2.595,2.595,4.596,0.0,99.0,0,False
ticker_setup_direction_any_day,TAP,MOMENTUM_CONTINUATION,UP,ANY,1,1,0,100.0,2.595,2.595,7.715,0.0,99.0,0,False
ticker_setup_direction_any_day,TFC,MOMENTUM_CONTINUATION,UP,ANY,1,1,0,100.0,2.595,2.595,3.257,0.0,99.0,0,False
ticker_setup_direction_any_day,TMO,MOMENTUM_CONTINUATION,UP,ANY,1,1,0,100.0,2.595,2.595,2.751,0.0,99.0,0,False
ticker_setup_direction_any_day,TRMB,MOMENTUM_CONTINUATION,UP,ANY,1,1,0,100.0,2.595,2.595,12.429,0.0,99.0,0,False
ticker_setup_direction_any_day,TTD,MOMENTUM_CONTINUATION,UP,ANY,1,1,0,100.0,2.595,2.595,7.293,0.0,99.0,0,False
ticker_setup_direction_any_day,TXN,MOMENTUM_CONTINUATION,UP,ANY,1,1,0,100.0,2.595,2.595,8.898,0.0,99.0,0,False
ticker_setup_direction_any_day,VRSN,MOMENTUM_CONTINUATION,UP,ANY,1,1,0,100.0,2.595,2.595,2.812,0.0,99.0,0,False
ticker_setup_direction_any_day,YUM,MOMENTUM_CONTINUATION,UP,ANY,1,1,0,100.0,2.595,2.595,3.669,0.0,99.0,0,False
ticker_setup_direction_any_day,SBUX,MOMENTUM_CONTINUATION,UP,ANY,5,4,1,80.0,2.006,2.595,4.2198,-0.7608,29.6571,0,False
ticker_setup_direction_any_day,CEG,MOMENTUM_CONTINUATION,UP,ANY,12,11,1,91.6667,2.2899,2.595,5.9691,-1.3134,26.7777,0,False
ticker_setup_direction_any_day,GEV,MOMENTUM_CONTINUATION,UP,ANY,6,5,1,83.3333,2.043,2.595,4.463,-1.2287,18.0962,0,False
ticker_setup_direction_any_day,DRI,MOMENTUM_CONTINUATION,UP,ANY,2,1,1,50.0,1.199,1.199,1.8485,-1.2265,13.1726,0,False
ticker_setup_direction_any_day,LULU,MOMENTUM_CONTINUATION,UP,ANY,4,3,1,75.0,1.3008,1.5475,3.764,-2.354,11.6838,0,False
ticker_setup_direction_any_day,NRG,MOMENTUM_CONTINUATION,UP,ANY,7,6,1,85.7143,2.0191,2.595,6.0979,-1.2407,10.8426,0,False
ticker_setup_direction_any_day,COHR,MOMENTUM_CONTINUATION,UP,ANY,17,16,1,94.1176,2.1109,2.595,5.6458,-1.3783,10.6673,0,False
ticker_setup_direction_any_day,ERIE,MOMENTUM_CONTINUATION,UP,ANY,3,2,1,66.6667,1.563,2.595,3.3887,-1.1293,10.3593,0,False
ticker_setup_direction_any_day,TPL,MOMENTUM_CONTINUATION,UP,ANY,12,11,1,91.6667,1.8945,2.595,9.0278,-1.8751,8.0471,0,False
ticker_setup_direction_any_day,TER,MOMENTUM_CONTINUATION,UP,ANY,14,13,1,92.8571,2.0506,2.595,6.1909,-1.1549,6.7121,0,False
ticker_setup_direction_any_day,ULTA,MOMENTUM_CONTINUATION,UP,ANY,4,3,1,75.0,1.1703,1.5475,2.8197,-2.3692,5.6392,0,False
ticker_setup_direction_any_day,GOOGL,MOMENTUM_CONTINUATION,UP,ANY,5,4,1,80.0,1.7062,2.595,4.1824,-0.5864,5.6138,0,False
ticker_setup_direction_any_day,ORCL,MOMENTUM_CONTINUATION,UP,ANY,9,8,1,88.8889,1.8882,2.595,3.8792,-1.1883,5.5125,0,False
ticker_setup_direction_any_day,NFLX,MOMENTUM_CONTINUATION,UP,ANY,4,3,1,75.0,1.5845,2.595,3.3337,-0.702,5.3801,0,False
ticker_setup_direction_any_day,INCY,MOMENTUM_CONTINUATION,UP,ANY,5,4,1,80.0,1.6886,2.595,6.091,-0.5004,5.3588,0,False
ticker_setup_direction_any_day,CNC,MOMENTUM_CONTINUATION,UP,ANY,7,6,1,85.7143,1.7549,2.595,8.9081,-1.5911,4.7383,0,False
ticker_setup_direction_any_day,CIEN,MOMENTUM_CONTINUATION,UP,ANY,15,14,1,93.3333,1.8887,2.595,7.5181,-1.8682,4.5412,0,False
ticker_setup_direction_any_day,VST,MOMENTUM_CONTINUATION,UP,ANY,18,16,2,88.8889,1.7142,2.595,5.9979,-1.5803,4.4208,0,False
ticker_setup_direction_any_day,UNH,MOMENTUM_CONTINUATION,UP,ANY,4,3,1,75.0,1.4865,2.595,5.5745,-2.5853,4.2333,0,False
ticker_setup_direction_any_day,VRT,MOMENTUM_CONTINUATION,UP,ANY,18,15,3,83.3333,1.6341,2.595,5.2352,-2.3823,4.0926,0,False
ticker_setup_direction_any_day,WAT,MOMENTUM_CONTINUATION,UP,ANY,2,1,1,50.0,0.976,0.976,3.3035,-1.677,4.0358,0,False
ticker_setup_direction_any_day,FTNT,MOMENTUM_CONTINUATION,UP,ANY,10,8,2,80.0,1.4927,2.595,4.5679,-1.237,3.5591,0,False
ticker_setup_direction_any_day,GLW,MOMENTUM_CONTINUATION,UP,ANY,11,10,1,90.9091,1.6318,2.595,6.4027,-1.538,3.2437,0,False
ticker_setup_direction_any_day,AKAM,MOMENTUM_CONTINUATION,UP,ANY,5,4,1,80.0,1.3146,2.595,5.9656,-0.8728,2.7266,0,False
ticker_setup_direction_any_day,KEYS,MOMENTUM_CONTINUATION,UP,ANY,4,2,2,50.0,0.8153,0.969,3.7465,-2.224,2.6905,0,False
ticker_setup_direction_any_day,JBL,MOMENTUM_CONTINUATION,UP,ANY,4,3,1,75.0,0.8938,1.5595,4.5358,-1.9252,2.6713,0,False
ticker_setup_direction_any_day,MCHP,MOMENTUM_CONTINUATION,UP,ANY,7,6,1,85.7143,1.3089,2.595,6.4677,-1.7667,2.4298,0,False
ticker_setup_direction_any_day,WBD,MOMENTUM_CONTINUATION,UP,ANY,12,9,3,75.0,1.1033,2.595,5.0739,-1.694,2.3089,0,False
ticker_setup_direction_any_day,FIS,MOMENTUM_CONTINUATION,UP,ANY,2,1,1,50.0,0.687,0.687,3.36,-1.1465,2.1253,0,False
ticker_setup_direction_any_day,CCL,MOMENTUM_CONTINUATION,UP,ANY,13,11,2,84.6154,1.1498,2.595,4.9414,-1.1282,2.0994,0,False
ticker_setup_direction_any_day,DECK,MOMENTUM_CONTINUATION,UP,ANY,5,4,1,80.0,0.8944,2.24,2.4036,-1.5604,1.9874,0,False
ticker_setup_direction_any_day,FSLR,MOMENTUM_CONTINUATION,UP,ANY,15,13,2,86.6667,1.0427,2.595,10.903,-2.4031,1.9775,0,False
ticker_setup_direction_any_day,CF,MOMENTUM_CONTINUATION,UP,ANY,7,6,1,85.7143,1.0814,2.595,7.046,-2.3923,1.9463,0,False
ticker_setup_direction_any_day,FDX,MOMENTUM_CONTINUATION,UP,ANY,2,1,1,50.0,0.6065,0.6065,2.9415,-1.018,1.8777,0,False
ticker_setup_direction_any_day,FFIV,MOMENTUM_CONTINUATION,UP,ANY,3,2,1,66.6667,0.6723,2.595,2.1803,-1.3317,1.6357,0,False
ticker_setup_direction_any_day,CBRE,MOMENTUM_CONTINUATION,UP,ANY,2,1,1,50.0,0.4995,0.4995,2.9175,-1.5065,1.6259,0,False
ticker_setup_direction_any_day,TPR,MOMENTUM_CONTINUATION,UP,ANY,6,5,1,83.3333,0.8292,2.595,3.9858,-1.9317,1.6219,0,False
ticker_setup_direction_any_day,BG,MOMENTUM_CONTINUATION,UP,ANY,5,3,2,60.0,0.4114,0.5,4.1324,-2.8392,1.5662,0,False
ticker_setup_direction_any_day,LUV,MOMENTUM_CONTINUATION,UP,ANY,3,2,1,66.6667,0.571,2.595,4.8333,-1.389,1.4927,0,False
ticker_setup_direction_any_day,BAX,MOMENTUM_CONTINUATION,UP,ANY,3,2,1,66.6667,0.4037,2.595,3.199,-1.7993,1.3043,0,False
ticker_setup_direction_any_day,DOW,MOMENTUM_CONTINUATION,UP,ANY,5,4,1,80.0,0.476,2.595,3.7312,-3.7588,1.2975,0,False
ticker_setup_direction_any_day,PSKY,MOMENTUM_CONTINUATION,UP,ANY,5,4,1,80.0,0.476,2.595,12.8358,-2.7168,1.2975,0,False
ticker_setup_direction_any_day,DLTR,MOMENTUM_CONTINUATION,UP,ANY,8,6,2,75.0,0.3748,2.595,5.1792,-2.128,1.2385,0,False
ticker_setup_direction_any_day,ALB,MOMENTUM_CONTINUATION,UP,ANY,10,8,2,80.0,0.2971,2.595,5.1449,-3.1173,1.1857,0,False
ticker_setup_direction_any_day,SOLV,MOMENTUM_CONTINUATION,UP,ANY,3,2,1,66.6667,0.233,2.595,5.5793,-2.2157,1.1556,0,False
ticker_setup_direction_any_day,TSLA,MOMENTUM_CONTINUATION,UP,ANY,18,14,4,77.7778,0.2406,2.595,5.6921,-2.7678,1.1353,0,False
ticker_setup_direction_any_day,APA,MOMENTUM_CONTINUATION,UP,ANY,9,7,2,77.7778,0.2406,2.595,4.6213,-3.4193,1.1353,0,False
ticker_setup_direction_any_day,NEM,MOMENTUM_CONTINUATION,UP,ANY,6,4,2,66.6667,0.0758,1.761,2.3508,-2.4462,1.0551,0,False
ticker_setup_direction_any_day,AVGO,MOMENTUM_CONTINUATION,UP,ANY,9,7,2,77.7778,0.0078,2.595,3.8207,-2.5893,1.0044,0,False
ticker_setup_direction_any_day,LYB,MOMENTUM_CONTINUATION,UP,ANY,4,3,1,75.0,-0.0537,2.595,5.7118,-4.3165,0.9731,0,False
ticker_setup_direction_any_day,WSM,MOMENTUM_CONTINUATION,UP,ANY,4,3,1,75.0,-0.0537,2.595,3.042,-3.054,0.9731,0,False
ticker_setup_direction_any_day,SMCI,MOMENTUM_CONTINUATION,UP,ANY,22,16,6,72.7273,-0.2945,2.595,8.597,-4.5369,0.865,0,False
ticker_setup_direction_any_day,INTU,MOMENTUM_CONTINUATION,UP,ANY,3,2,1,66.6667,-0.206,0.195,1.976,-2.1777,0.8187,0,False
ticker_setup_direction_any_day,DG,MOMENTUM_CONTINUATION,UP,ANY,7,5,2,71.4286,-0.5621,2.595,4.007,-2.607,0.7541,0,False
ticker_setup_direction_any_day,DAL,MOMENTUM_CONTINUATION,UP,ANY,2,1,1,50.0,-0.1195,-0.1195,1.9645,-2.773,0.6766,0,False
ticker_setup_direction_any_day,BBY,MOMENTUM_CONTINUATION,UP,ANY,4,2,2,50.0,-1.4445,-0.1865,1.5353,-2.6755,0.3918,0,False
ticker_setup_direction_any_day,KEY,MOMENTUM_CONTINUATION,UP,ANY,2,1,1,50.0,-2.7025,-2.7025,1.6785,-4.56,0.3244,0,False
ticker_setup_direction_any_day,GM,MOMENTUM_CONTINUATION,UP,ANY,4,1,3,25.0,-1.5697,-2.6055,2.6025,-3.005,0.2924,0,False
ticker_setup_direction_any_day,EL,MOMENTUM_CONTINUATION,UP,ANY,3,1,2,33.3333,-2.2713,-1.409,3.5087,-4.6943,0.2758,0,False
ticker_setup_direction_any_day,BF-B,MOMENTUM_CONTINUATION,UP,ANY,2,0,2,0.0,-4.3095,-4.3095,1.358,-6.079,0.0,0,False
ticker_setup_direction_any_day,AMGN,MOMENTUM_CONTINUATION,UP,ANY,1,0,1,0.0,-1.199,-1.199,0.587,-2.79,0.0,0,False
ticker_setup_direction_any_day,APH,MOMENTUM_CONTINUATION,UP,ANY,1,0,1,0.0,-0.224,-0.224,0.816,-6.827,0.0,0,False
ticker_setup_direction_any_day,AWK,MOMENTUM_CONTINUATION,UP,ANY,1,0,1,0.0,-1.272,-1.272,1.95,-4.966,0.0,0,False
ticker_setup_direction_any_day,EBAY,MOMENTUM_CONTINUATION,UP,ANY,1,0,1,0.0,-2.946,-2.946,1.811,-3.019,0.0,0,False
ticker_setup_direction_any_day,HPQ,MOMENTUM_CONTINUATION,UP,ANY,1,0,1,0.0,-0.137,-0.137,0.795,-3.671,0.0,0,False
ticker_setup_direction_any_day,LH,MOMENTUM_CONTINUATION,UP,ANY,1,0,1,0.0,-2.388,-2.388,0.099,-6.052,0.0,0,False
ticker_setup_direction_any_day,MNST,MOMENTUM_CONTINUATION,UP,ANY,1,0,1,0.0,-0.488,-0.488,0.867,-1.156,0.0,0,False
ticker_setup_direction_any_day,MSCI,MOMENTUM_CONTINUATION,UP,ANY,1,0,1,0.0,-1.716,-1.716,0.0,-3.706,0.0,0,False
ticker_setup_direction_any_day,NOC,MOMENTUM_CONTINUATION,UP,ANY,1,0,1,0.0,-8.0,-8.0,1.424,-16.194,0.0,0,False
ticker_setup_direction_any_day,NWSA,MOMENTUM_CONTINUATION,UP,ANY,1,0,1,0.0,-2.353,-2.353,1.436,-3.949,0.0,0,False
ticker_setup_direction_any_day,POOL,MOMENTUM_CONTINUATION,UP,ANY,1,0,1,0.0,-5.665,-5.665,0.737,-6.86,0.0,0,False
ticker_setup_direction_any_day,SCHW,MOMENTUM_CONTINUATION,UP,ANY,1,0,1,0.0,-2.084,-2.084,1.353,-2.572,0.0,0,False
ticker_setup_direction_any_day,TSN,MOMENTUM_CONTINUATION,UP,ANY,1,0,1,0.0,-1.485,-1.485,0.303,-3.114,0.0,0,False
ticker_setup_direction_any_day,UHS,MOMENTUM_CONTINUATION,UP,ANY,1,0,1,0.0,-1.131,-1.131,1.549,-2.175,0.0,0,False
ticker_setup_direction_any_day,WRB,MOMENTUM_CONTINUATION,UP,ANY,1,0,1,0.0,-8.0,-8.0,0.238,-8.576,0.0,0,False
ticker_setup_direction_day,SNDK,MOMENTUM_CONTINUATION,UP,WEDNESDAY,20,16,4,80.0,0.6682,2.595,8.9611,-2.4875,1.4746,7,False
ticker_setup_direction_day,SNDK,MOMENTUM_CONTINUATION,UP,MONDAY,17,17,0,100.0,2.595,2.595,10.4204,-1.2538,99.0,0,False
ticker_setup_direction_day,SNDK,MOMENTUM_CONTINUATION,UP,TUESDAY,15,15,0,100.0,2.595,2.595,10.6295,-0.4858,99.0,0,False
ticker_setup_direction_day,LITE,MOMENTUM_CONTINUATION,UP,MONDAY,14,14,0,100.0,2.5704,2.595,6.3191,-1.8378,99.0,0,False
ticker_setup_direction_day,APP,MOMENTUM_CONTINUATION,UP,MONDAY,13,13,0,100.0,2.595,2.595,6.1681,-0.4285,99.0,0,False
ticker_setup_direction_day,WDC,MOMENTUM_CONTINUATION,UP,MONDAY,12,12,0,100.0,2.595,2.595,8.6072,-1.2801,99.0,0,False
ticker_setup_direction_day,LITE,MOMENTUM_CONTINUATION,UP,TUESDAY,11,11,0,100.0,2.595,2.595,10.0386,-0.9966,99.0,0,False
ticker_setup_direction_day,AMD,MOMENTUM_CONTINUATION,UP,WEDNESDAY,9,9,0,100.0,2.595,2.595,6.8261,-0.4858,99.0,0,False
ticker_setup_direction_day,COHR,MOMENTUM_CONTINUATION,UP,MONDAY,9,9,0,100.0,2.595,2.595,6.1999,-0.6991,99.0,0,False
ticker_setup_direction_day,MU,MOMENTUM_CONTINUATION,UP,MONDAY,9,9,0,100.0,2.595,2.595,6.4827,-0.8304,99.0,0,False
ticker_setup_direction_day,INTC,MOMENTUM_CONTINUATION,UP,MONDAY,8,8,0,100.0,2.595,2.595,7.331,-2.3786,99.0,0,False
ticker_setup_direction_day,INTC,MOMENTUM_CONTINUATION,UP,WEDNESDAY,8,8,0,100.0,2.595,2.595,9.9255,-0.2061,99.0,0,False
ticker_setup_direction_day,SATS,MOMENTUM_CONTINUATION,UP,TUESDAY,8,8,0,100.0,2.3331,2.595,7.1781,-1.1394,99.0,0,False
ticker_setup_direction_day,STX,MOMENTUM_CONTINUATION,UP,MONDAY,8,8,0,100.0,2.595,2.595,8.5519,-1.5622,99.0,0,False
ticker_setup_direction_day,PLTR,MOMENTUM_CONTINUATION,UP,WEDNESDAY,7,7,0,100.0,2.595,2.595,7.5679,-0.6943,99.0,0,False
ticker_setup_direction_day,TER,MOMENTUM_CONTINUATION,UP,MONDAY,7,7,0,100.0,2.595,2.595,7.0121,-1.2251,99.0,0,False
ticker_setup_direction_day,VRT,MOMENTUM_CONTINUATION,UP,MONDAY,7,7,0,100.0,2.595,2.595,5.3107,-3.3311,99.0,0,False
ticker_setup_direction_day,AMD,MOMENTUM_CONTINUATION,UP,MONDAY,6,6,0,100.0,2.595,2.595,9.2023,-3.1197,99.0,0,False
ticker_setup_direction_day,UAL,MOMENTUM_CONTINUATION,UP,MONDAY,6,6,0,100.0,2.595,2.595,3.7965,-1.204,99.0,0,False
ticker_setup_direction_day,AVGO,MOMENTUM_CONTINUATION,UP,MONDAY,5,5,0,100.0,2.176,2.595,4.4416,-1.0562,99.0,0,False
ticker_setup_direction_day,CEG,MOMENTUM_CONTINUATION,UP,MONDAY,5,5,0,100.0,2.595,2.595,7.2474,-2.38,99.0,0,False
ticker_setup_direction_day,CIEN,MOMENTUM_CONTINUATION,UP,MONDAY,5,5,0,100.0,2.595,2.595,7.683,-2.1082,99.0,0,False
ticker_setup_direction_day,CIEN,MOMENTUM_CONTINUATION,UP,TUESDAY,5,5,0,100.0,2.595,2.595,8.6788,0.0,99.0,0,False
ticker_setup_direction_day,CVNA,MOMENTUM_CONTINUATION,UP,WEDNESDAY,5,5,0,100.0,2.595,2.595,5.682,-0.4528,99.0,0,False
ticker_setup_direction_day,FIX,MOMENTUM_CONTINUATION,UP,MONDAY,5,5,0,100.0,2.595,2.595,4.9794,-1.7052,99.0,0,False
ticker_setup_direction_day,FSLR,MOMENTUM_CONTINUATION,UP,MONDAY,5,5,0,100.0,2.595,2.595,12.1602,-1.849,99.0,0,False
ticker_setup_direction_day,MRNA,MOMENTUM_CONTINUATION,UP,MONDAY,5,5,0,100.0,2.595,2.595,7.8104,-1.7688,99.0,0,False
ticker_setup_direction_day,MU,MOMENTUM_CONTINUATION,UP,WEDNESDAY,5,4,0,80.0,2.076,2.595,5.4136,-1.3398,99.0,0,False
ticker_setup_direction_day,WBD,MOMENTUM_CONTINUATION,UP,WEDNESDAY,5,5,0,100.0,2.595,2.595,7.334,-0.059,99.0,0,False
ticker_setup_direction_day,XYZ,MOMENTUM_CONTINUATION,UP,MONDAY,5,5,0,100.0,2.595,2.595,6.7274,-0.089,99.0,0,False
ticker_setup_direction_day,AMD,MOMENTUM_CONTINUATION,UP,TUESDAY,4,4,0,100.0,2.595,2.595,7.3682,-0.1462,99.0,0,False
ticker_setup_direction_day,CCL,MOMENTUM_CONTINUATION,UP,WEDNESDAY,4,4,0,100.0,2.595,2.595,5.4158,0.0,99.0,0,False
ticker_setup_direction_day,DELL,MOMENTUM_CONTINUATION,UP,TUESDAY,4,4,0,100.0,2.595,2.595,8.4955,-0.613,99.0,0,False
ticker_setup_direction_day,FTNT,MOMENTUM_CONTINUATION,UP,MONDAY,4,4,0,100.0,2.595,2.595,5.6137,-0.0537,99.0,0,False
ticker_setup_direction_day,GLW,MOMENTUM_CONTINUATION,UP,MONDAY,4,4,0,100.0,2.595,2.595,7.611,-0.7358,99.0,0,False
ticker_setup_direction_day,MRNA,MOMENTUM_CONTINUATION,UP,WEDNESDAY,4,4,0,100.0,2.595,2.595,13.7905,-1.2233,99.0,0,False
ticker_setup_direction_day,NCLH,MOMENTUM_CONTINUATION,UP,TUESDAY,4,4,0,100.0,2.595,2.595,3.55,-0.5585,99.0,0,False
ticker_setup_direction_day,ON,MOMENTUM_CONTINUATION,UP,WEDNESDAY,4,4,0,100.0,2.595,2.595,9.4608,0.0,99.0,0,False
ticker_setup_direction_day,STX,MOMENTUM_CONTINUATION,UP,TUESDAY,4,4,0,100.0,2.595,2.595,10.767,-0.5962,99.0,0,False
ticker_setup_direction_day,TPL,MOMENTUM_CONTINUATION,UP,MONDAY,4,4,0,100.0,1.9487,2.595,11.69,-1.6285,99.0,0,False
ticker_setup_direction_day,TPL,MOMENTUM_CONTINUATION,UP,TUESDAY,4,4,0,100.0,2.595,2.595,7.5738,-1.663,99.0,0,False
ticker_setup_direction_day,VRT,MOMENTUM_CONTINUATION,UP,TUESDAY,4,4,0,100.0,2.595,2.595,8.444,0.0,99.0,0,False
ticker_setup_direction_day,AES,MOMENTUM_CONTINUATION,UP,MONDAY,3,3,0,100.0,2.595,2.595,4.3017,0.0,99.0,0,False
ticker_setup_direction_day,ANET,MOMENTUM_CONTINUATION,UP,MONDAY,3,3,0,100.0,2.595,2.595,4.606,-1.5883,99.0,0,False
ticker_setup_direction_day,AXON,MOMENTUM_CONTINUATION,UP,MONDAY,3,3,0,100.0,2.1167,2.595,4.026,-1.2557,99.0,0,False
ticker_setup_direction_day,AXON,MOMENTUM_CONTINUATION,UP,TUESDAY,3,3,0,100.0,2.0153,2.595,5.0567,-0.69,99.0,0,False
ticker_setup_direction_day,CHTR,MOMENTUM_CONTINUATION,UP,MONDAY,3,3,0,100.0,2.595,2.595,6.62,-0.2157,99.0,0,False
ticker_setup_direction_day,CNC,MOMENTUM_CONTINUATION,UP,MONDAY,3,3,0,100.0,2.595,2.595,10.4443,-0.39,99.0,0,False
ticker_setup_direction_day,COHR,MOMENTUM_CONTINUATION,UP,WEDNESDAY,3,3,0,100.0,1.954,2.595,6.404,-2.2347,99.0,0,False
ticker_setup_direction_day,CRWD,MOMENTUM_CONTINUATION,UP,TUESDAY,3,3,0,100.0,2.595,2.595,6.0967,-0.318,99.0,0,False
ticker_setup_direction_day,DDOG,MOMENTUM_CONTINUATION,UP,MONDAY,3,3,0,100.0,2.595,2.595,4.659,-0.5723,99.0,0,False
ticker_setup_direction_day,DDOG,MOMENTUM_CONTINUATION,UP,TUESDAY,3,3,0,100.0,2.595,2.595,5.232,-1.3323,99.0,0,False
ticker_setup_direction_day,DELL,MOMENTUM_CONTINUATION,UP,MONDAY,3,3,0,100.0,2.595,2.595,7.4763,-2.9357,99.0,0,False
ticker_setup_direction_day,DELL,MOMENTUM_CONTINUATION,UP,WEDNESDAY,3,3,0,100.0,2.595,2.595,6.4873,-0.505,99.0,0,False
ticker_setup_direction_day,DG,MOMENTUM_CONTINUATION,UP,TUESDAY,3,3,0,100.0,2.2917,2.595,5.71,-0.3957,99.0,0,False
ticker_setup_direction_day,DLTR,MOMENTUM_CONTINUATION,UP,MONDAY,3,3,0,100.0,2.595,2.595,4.8207,-0.092,99.0,0,False
ticker_setup_direction_day,DOW,MOMENTUM_CONTINUATION,UP,WEDNESDAY,3,3,0,100.0,2.595,2.595,4.77,-0.9137,99.0,0,False
ticker_setup_direction_day,GNRC,MOMENTUM_CONTINUATION,UP,WEDNESDAY,3,3,0,100.0,2.595,2.595,14.8447,0.0,99.0,0,False
ticker_setup_direction_day,HPE,MOMENTUM_CONTINUATION,UP,TUESDAY,3,3,0,100.0,2.595,2.595,8.7957,0.0,99.0,0,False
ticker_setup_direction_day,IDXX,MOMENTUM_CONTINUATION,UP,MONDAY,3,3,0,100.0,1.8967,2.595,4.0987,-1.955,99.0,0,False
ticker_setup_direction_day,NCLH,MOMENTUM_CONTINUATION,UP,MONDAY,3,3,0,100.0,2.595,2.595,5.9673,0.0,99.0,0,False
ticker_setup_direction_day,NVDA,MOMENTUM_CONTINUATION,UP,MONDAY,3,3,0,100.0,2.595,2.595,4.3237,-0.8697,99.0,0,False
ticker_setup_direction_day,ON,MOMENTUM_CONTINUATION,UP,TUESDAY,3,3,0,100.0,2.595,2.595,9.5373,-0.845,99.0,0,False
ticker_setup_direction_day,RVTY,MOMENTUM_CONTINUATION,UP,MONDAY,3,3,0,100.0,2.595,2.595,6.0167,0.0,99.0,0,False
ticker_setup_direction_day,TER,MOMENTUM_CONTINUATION,UP,WEDNESDAY,3,3,0,100.0,2.595,2.595,5.438,-0.4377,99.0,0,False
ticker_setup_direction_day,UAL,MOMENTUM_CONTINUATION,UP,TUESDAY,3,3,0,100.0,2.595,2.595,5.0373,-1.8213,99.0,0,False
ticker_setup_direction_day,VST,MOMENTUM_CONTINUATION,UP,WEDNESDAY,3,3,0,100.0,2.595,2.595,8.7487,-1.1193,99.0,0,False
ticker_setup_direction_day,WYNN,MOMENTUM_CONTINUATION,UP,MONDAY,3,3,0,100.0,2.595,2.595,4.794,-0.4857,99.0,0,False
ticker_setup_direction_day,ADI,MOMENTUM_CONTINUATION,UP,WEDNESDAY,2,2,0,100.0,2.595,2.595,6.8055,0.0,99.0,0,False
ticker_setup_direction_day,AES,MOMENTUM_CONTINUATION,UP,TUESDAY,2,2,0,100.0,2.595,2.595,4.18,-0.1945,99.0,0,False
ticker_setup_direction_day,AKAM,MOMENTUM_CONTINUATION,UP,MONDAY,2,2,0,100.0,2.595,2.595,7.212,0.0,99.0,0,False
ticker_setup_direction_day,AKAM,MOMENTUM_CONTINUATION,UP,TUESDAY,2,2,0,100.0,2.595,2.595,7.0235,-0.19,99.0,0,False
ticker_setup_direction_day,AMAT,MOMENTUM_CONTINUATION,UP,TUESDAY,2,2,0,100.0,1.966,1.966,3.631,-1.25,99.0,0,False
ticker_setup_direction_day,ANET,MOMENTUM_CONTINUATION,UP,WEDNESDAY,2,2,0,100.0,2.595,2.595,4.2465,-1.439,99.0,0,False
ticker_setup_direction_day,BKR,MOMENTUM_CONTINUATION,UP,WEDNESDAY,2,2,0,100.0,1.5475,1.5475,6.451,-2.126,99.0,0,False
ticker_setup_direction_day,CEG,MOMENTUM_CONTINUATION,UP,TUESDAY,2,2,0,100.0,2.595,2.595,5.3215,0.0,99.0,0,False
ticker_setup_direction_day,CF,MOMENTUM_CONTINUATION,UP,TUESDAY,2,2,0,100.0,2.595,2.595,8.162,-2.7925,99.0,0,False
ticker_setup_direction_day,CF,MOMENTUM_CONTINUATION,UP,WEDNESDAY,2,2,0,100.0,2.595,2.595,12.406,-0.795,99.0,0,False
ticker_setup_direction_day,CHRW,MOMENTUM_CONTINUATION,UP,MONDAY,2,2,0,100.0,2.595,2.595,3.4955,0.0,99.0,0,False
ticker_setup_direction_day,CRWD,MOMENTUM_CONTINUATION,UP,MONDAY,2,2,0,100.0,2.595,2.595,6.233,0.0,99.0,0,False
ticker_setup_direction_day,CRWD,MOMENTUM_CONTINUATION,UP,WEDNESDAY,2,2,0,100.0,2.595,2.595,7.653,0.0,99.0,0,False
ticker_setup_direction_day,CVS,MOMENTUM_CONTINUATION,UP,TUESDAY,2,2,0,100.0,2.595,2.595,3.138,-0.8445,99.0,0,False
ticker_setup_direction_day,DECK,MOMENTUM_CONTINUATION,UP,TUESDAY,2,2,0,100.0,2.4175,2.4175,3.37,-0.431,99.0,0,False
ticker_setup_direction_day,DHI,MOMENTUM_CONTINUATION,UP,TUESDAY,2,2,0,100.0,2.595,2.595,5.668,0.0,99.0,0,False
ticker_setup_direction_day,DLTR,MOMENTUM_CONTINUATION,UP,TUESDAY,2,2,0,100.0,2.595,2.595,6.0995,-0.392,99.0,0,False
ticker_setup_direction_day,DVA,MOMENTUM_CONTINUATION,UP,WEDNESDAY,2,2,0,100.0,2.595,2.595,13.499,0.0,99.0,0,False
ticker_setup_direction_day,DXCM,MOMENTUM_CONTINUATION,UP,WEDNESDAY,2,2,0,100.0,2.595,2.595,6.7495,0.0,99.0,0,False
ticker_setup_direction_day,FFIV,MOMENTUM_CONTINUATION,UP,TUESDAY,2,2,0,100.0,2.595,2.595,3.1905,-0.3655,99.0,0,False
ticker_setup_direction_day,GEV,MOMENTUM_CONTINUATION,UP,TUESDAY,2,2,0,100.0,2.595,2.595,5.1345,-0.772,99.0,0,False
ticker_setup_direction_day,GNRC,MOMENTUM_CONTINUATION,UP,MONDAY,2,2,0,100.0,1.5475,1.5475,3.931,-0.7985,99.0,0,False
ticker_setup_direction_day,GOOGL,MOMENTUM_CONTINUATION,UP,WEDNESDAY,2,2,0,100.0,2.595,2.595,4.0245,-0.022,99.0,0,False
ticker_setup_direction_day,HII,MOMENTUM_CONTINUATION,UP,MONDAY,2,2,0,100.0,2.027,2.027,3.4895,-2.5785,99.0,0,False
ticker_setup_direction_day,HSY,MOMENTUM_CONTINUATION,UP,MONDAY,2,2,0,100.0,2.595,2.595,9.2865,0.0,99.0,0,False
ticker_setup_direction_day,HUM,MOMENTUM_CONTINUATION,UP,MONDAY,2,2,0,100.0,2.595,2.595,6.7685,-0.022,99.0,0,False
ticker_setup_direction_day,HUM,MOMENTUM_CONTINUATION,UP,TUESDAY,2,2,0,100.0,1.7975,1.7975,7.043,-3.6425,99.0,0,False
ticker_setup_direction_day,IBKR,MOMENTUM_CONTINUATION,UP,WEDNESDAY,2,2,0,100.0,2.595,2.595,4.055,-0.727,99.0,0,False
ticker_setup_direction_day,INCY,MOMENTUM_CONTINUATION,UP,WEDNESDAY,2,2,0,100.0,2.595,2.595,5.0905,0.0,99.0,0,False
ticker_setup_direction_day,IVZ,MOMENTUM_CONTINUATION,UP,TUESDAY,2,2,0,100.0,2.595,2.595,5.6705,0.0,99.0,0,False
ticker_setup_direction_day,JBL,MOMENTUM_CONTINUATION,UP,MONDAY,2,2,0,100.0,1.5595,1.5595,3.156,-0.3445,99.0,0,False
ticker_setup_direction_day,LLY,MOMENTUM_CONTINUATION,UP,MONDAY,2,2,0,100.0,2.595,2.595,3.2955,-0.586,99.0,0,False
ticker_setup_direction_day,LRCX,MOMENTUM_CONTINUATION,UP,MONDAY,2,2,0,100.0,2.595,2.595,8.458,-2.2,99.0,0,False
ticker_setup_direction_day,LRCX,MOMENTUM_CONTINUATION,UP,WEDNESDAY,2,2,0,100.0,2.595,2.595,7.4595,-1.861,99.0,0,False
ticker_setup_direction_day,LYB,MOMENTUM_CONTINUATION,UP,WEDNESDAY,2,2,0,100.0,2.595,2.595,5.907,-0.7215,99.0,0,False
ticker_setup_direction_day,MCHP,MOMENTUM_CONTINUATION,UP,MONDAY,2,2,0,100.0,2.595,2.595,5.7255,-2.816,99.0,0,False
ticker_setup_direction_day,MCHP,MOMENTUM_CONTINUATION,UP,TUESDAY,2,2,0,100.0,2.595,2.595,5.8845,0.0,99.0,0,False
ticker_setup_direction_day,NCLH,MOMENTUM_CONTINUATION,UP,WEDNESDAY,2,2,0,100.0,2.595,2.595,7.87,-0.2085,99.0,0,False
ticker_setup_direction_day,NEM,MOMENTUM_CONTINUATION,UP,MONDAY,2,2,0,100.0,1.761,1.761,2.356,-1.614,99.0,0,False
ticker_setup_direction_day,NFLX,MOMENTUM_CONTINUATION,UP,TUESDAY,2,2,0,100.0,2.595,2.595,4.7305,0.0,99.0,0,False
ticker_setup_direction_day,NRG,MOMENTUM_CONTINUATION,UP,MONDAY,2,2,0,100.0,2.595,2.595,11.1925,-1.3085,99.0,0,False
ticker_setup_direction_day,NTRS,MOMENTUM_CONTINUATION,UP,WEDNESDAY,2,2,0,100.0,2.595,2.595,3.767,0.0,99.0,0,False
ticker_setup_direction_day,NVDA,MOMENTUM_CONTINUATION,UP,WEDNESDAY,2,2,0,100.0,1.5475,1.5475,4.2725,-2.724,99.0,0,False
ticker_setup_direction_day,ON,MOMENTUM_CONTINUATION,UP,MONDAY,2,2,0,100.0,2.595,2.595,6.5985,0.0,99.0,0,False
ticker_setup_direction_day,ORCL,MOMENTUM_CONTINUATION,UP,TUESDAY,2,2,0,100.0,2.595,2.595,3.1405,0.0,99.0,0,False
ticker_setup_direction_day,PANW,MOMENTUM_CONTINUATION,UP,TUESDAY,2,2,0,100.0,2.595,2.595,5.779,-2.369,99.0,0,False
ticker_setup_direction_day,QCOM,MOMENTUM_CONTINUATION,UP,MONDAY,2,2,0,100.0,2.595,2.595,14.801,-3.9375,99.0,0,False
ticker_setup_direction_day,RCL,MOMENTUM_CONTINUATION,UP,WEDNESDAY,2,2,0,100.0,2.595,2.595,4.4845,0.0,99.0,0,False
ticker_setup_direction_day,REGN,MOMENTUM_CONTINUATION,UP,TUESDAY,2,2,0,100.0,2.595,2.595,5.7185,0.0,99.0,0,False
ticker_setup_direction_day,SBAC,MOMENTUM_CONTINUATION,UP,WEDNESDAY,2,2,0,100.0,2.595,2.595,5.9075,0.0,99.0,0,False
ticker_setup_direction_day,SBUX,MOMENTUM_CONTINUATION,UP,TUESDAY,2,2,0,100.0,2.595,2.595,4.394,-0.5345,99.0,0,False
ticker_setup_direction_day,SLB,MOMENTUM_CONTINUATION,UP,MONDAY,2,2,0,100.0,2.595,2.595,3.606,0.0,99.0,0,False
ticker_setup_direction_day,SOLV,MOMENTUM_CONTINUATION,UP,TUESDAY,2,2,0,100.0,2.595,2.595,7.6505,0.0,99.0,0,False
ticker_setup_direction_day,TPR,MOMENTUM_CONTINUATION,UP,TUESDAY,2,2,0,100.0,2.595,2.595,5.8295,-0.1815,99.0,0,False
ticker_setup_direction_day,UAL,MOMENTUM_CONTINUATION,UP,WEDNESDAY,2,2,0,100.0,2.595,2.595,9.8595,0.0,99.0,0,False
ticker_setup_direction_day,VTRS,MOMENTUM_CONTINUATION,UP,TUESDAY,2,2,0,100.0,2.595,2.595,4.7665,0.0,99.0,0,False
ticker_setup_direction_day,WSM,MOMENTUM_CONTINUATION,UP,MONDAY,2,2,0,100.0,2.595,2.595,3.912,-1.055,99.0,0,False
ticker_setup_direction_day,XYZ,MOMENTUM_CONTINUATION,UP,TUESDAY,2,2,0,100.0,2.595,2.595,6.413,-0.3875,99.0,0,False
ticker_setup_direction_day,AAPL,MOMENTUM_CONTINUATION,UP,WEDNESDAY,1,1,0,100.0,2.595,2.595,4.523,0.0,99.0,0,False
ticker_setup_direction_day,ABT,MOMENTUM_CONTINUATION,UP,MONDAY,1,1,0,100.0,0.947,0.947,2.462,-0.047,99.0,0,False
ticker_setup_direction_day,ADBE,MOMENTUM_CONTINUATION,UP,TUESDAY,1,1,0,100.0,2.595,2.595,3.67,0.0,99.0,0,False
ticker_setup_direction_day,ADI,MOMENTUM_CONTINUATION,UP,MONDAY,1,1,0,100.0,2.595,2.595,4.252,0.0,99.0,0,False
ticker_setup_direction_day,ADI,MOMENTUM_CONTINUATION,UP,TUESDAY,1,1,0,100.0,2.595,2.595,3.949,0.0,99.0,0,False
ticker_setup_direction_day,ADM,MOMENTUM_CONTINUATION,UP,MONDAY,1,1,0,100.0,2.595,2.595,4.953,0.0,99.0,0,False
ticker_setup_direction_day,ADSK,MOMENTUM_CONTINUATION,UP,TUESDAY,1,1,0,100.0,2.595,2.595,3.626,0.0,99.0,0,False
ticker_setup_direction_day,AES,MOMENTUM_CONTINUATION,UP,WEDNESDAY,1,1,0,100.0,2.595,2.595,2.743,-3.135,99.0,0,False
ticker_setup_direction_day,AIZ,MOMENTUM_CONTINUATION,UP,WEDNESDAY,1,1,0,100.0,2.595,2.595,7.138,0.0,99.0,0,False
ticker_setup_direction_day,ALB,MOMENTUM_CONTINUATION,UP,TUESDAY,1,1,0,100.0,2.595,2.595,7.845,0.0,99.0,0,False
ticker_setup_direction_day,ALGN,MOMENTUM_CONTINUATION,UP,MONDAY,1,1,0,100.0,2.595,2.595,7.739,0.0,99.0,0,False
ticker_setup_direction_day,AMAT,MOMENTUM_CONTINUATION,UP,MONDAY,1,1,0,100.0,2.595,2.595,5.647,0.0,99.0,0,False
ticker_setup_direction_day,AMT,MOMENTUM_CONTINUATION,UP,MONDAY,1,1,0,100.0,2.595,2.595,4.951,0.0,99.0,0,False
ticker_setup_direction_day,AMT,MOMENTUM_CONTINUATION,UP,TUESDAY,1,1,0,100.0,2.595,2.595,3.995,0.0,99.0,0,False
ticker_setup_direction_day,APA,MOMENTUM_CONTINUATION,UP,WEDNESDAY,1,1,0,100.0,2.595,2.595,7.539,0.0,99.0,0,False
ticker_setup_direction_day,AVY,MOMENTUM_CONTINUATION,UP,WEDNESDAY,1,1,0,100.0,2.595,2.595,13.603,0.0,99.0,0,False
ticker_setup_direction_day,AXON,MOMENTUM_CONTINUATION,UP,WEDNESDAY,1,1,0,100.0,2.595,2.595,12.724,0.0,99.0,0,False
ticker_setup_direction_day,BA,MOMENTUM_CONTINUATION,UP,MONDAY,1,1,0,100.0,2.595,2.595,4.581,0.0,99.0,0,False
ticker_setup_direction_day,BA,MOMENTUM_CONTINUATION,UP,TUESDAY,1,1,0,100.0,2.595,2.595,3.807,-0.454,99.0,0,False
ticker_setup_direction_day,BAX,MOMENTUM_CONTINUATION,UP,MONDAY,1,1,0,100.0,2.595,2.595,5.967,0.0,99.0,0,False
ticker_setup_direction_day,BAX,MOMENTUM_CONTINUATION,UP,TUESDAY,1,1,0,100.0,2.595,2.595,3.63,0.0,99.0,0,False
ticker_setup_direction_day,BG,MOMENTUM_CONTINUATION,UP,TUESDAY,1,1,0,100.0,0.5,0.5,2.42,-5.607,99.0,0,False
ticker_setup_direction_day,BG,MOMENTUM_CONTINUATION,UP,WEDNESDAY,1,1,0,100.0,2.595,2.595,10.497,0.0,99.0,0,False
ticker_setup_direction_day,BIIB,MOMENTUM_CONTINUATION,UP,MONDAY,1,1,0,100.0,2.595,2.595,5.401,-2.395,99.0,0,False
ticker_setup_direction_day,BKR,MOMENTUM_CONTINUATION,UP,MONDAY,1,1,0,100.0,2.595,2.595,5.308,0.0,99.0,0,False
ticker_setup_direction_day,BLDR,MOMENTUM_CONTINUATION,UP,MONDAY,1,1,0,100.0,2.595,2.595,4.425,-0.867,99.0,0,False
ticker_setup_direction_day,BXP,MOMENTUM_CONTINUATION,UP,MONDAY,1,1,0,100.0,2.595,2.595,3.146,-2.575,99.0,0,False
ticker_setup_direction_day,C,MOMENTUM_CONTINUATION,UP,WEDNESDAY,1,1,0,100.0,2.595,2.595,3.36,0.0,99.0,0,False
ticker_setup_direction_day,CAH,MOMENTUM_CONTINUATION,UP,MONDAY,1,1,0,100.0,2.595,2.595,3.083,-0.717,99.0,0,False
ticker_setup_direction_day,CAH,MOMENTUM_CONTINUATION,UP,TUESDAY,1,1,0,100.0,2.595,2.595,5.099,0.0,99.0,0,False
ticker_setup_direction_day,CASY,MOMENTUM_CONTINUATION,UP,MONDAY,1,1,0,100.0,0.5,0.5,2.441,-1.529,99.0,0,False
ticker_setup_direction_day,CASY,MOMENTUM_CONTINUATION,UP,TUESDAY,1,1,0,100.0,2.595,2.595,3.399,-1.433,99.0,0,False
ticker_setup_direction_day,CASY,MOMENTUM_CONTINUATION,UP,WEDNESDAY,1,1,0,100.0,2.595,2.595,5.62,0.0,99.0,0,False
ticker_setup_direction_day,CAT,MOMENTUM_CONTINUATION,UP,WEDNESDAY,1,1,0,100.0,2.595,2.595,6.376,0.0,99.0,0,False
ticker_setup_direction_day,CBOE,MOMENTUM_CONTINUATION,UP,MONDAY,1,1,0,100.0,2.595,2.595,2.64,0.0,99.0,0,False
ticker_setup_direction_day,CBRE,MOMENTUM_CONTINUATION,UP,TUESDAY,1,1,0,100.0,2.595,2.595,4.623,0.0,99.0,0,False
ticker_setup_direction_day,CDNS,MOMENTUM_CONTINUATION,UP,TUESDAY,1,1,0,100.0,2.595,2.595,5.366,0.0,99.0,0,False
ticker_setup_direction_day,CFG,MOMENTUM_CONTINUATION,UP,WEDNESDAY,1,1,0,100.0,2.595,2.595,7.483,0.0,99.0,0,False
ticker_setup_direction_day,CHRW,MOMENTUM_CONTINUATION,UP,TUESDAY,1,1,0,100.0,0.02,0.02,1.807,-1.3,99.0,0,False
ticker_setup_direction_day,CHTR,MOMENTUM_CONTINUATION,UP,WEDNESDAY,1,1,0,100.0,2.595,2.595,3.312,0.0,99.0,0,False
ticker_setup_direction_day,CMCSA,MOMENTUM_CONTINUATION,UP,TUESDAY,1,1,0,100.0,2.595,2.595,8.437,0.0,99.0,0,False
ticker_setup_direction_day,CMCSA,MOMENTUM_CONTINUATION,UP,WEDNESDAY,1,1,0,100.0,2.595,2.595,2.943,0.0,99.0,0,False
ticker_setup_direction_day,CMG,MOMENTUM_CONTINUATION,UP,WEDNESDAY,1,1,0,100.0,2.595,2.595,6.521,0.0,99.0,0,False
ticker_setup_direction_day,CNC,MOMENTUM_CONTINUATION,UP,WEDNESDAY,1,1,0,100.0,2.595,2.595,2.748,-2.214,99.0,0,False
ticker_setup_direction_day,CNP,MOMENTUM_CONTINUATION,UP,TUESDAY,1,1,0,100.0,2.595,2.595,2.643,0.0,99.0,0,False
ticker_setup_direction_day,COO,MOMENTUM_CONTINUATION,UP,TUESDAY,1,1,0,100.0,2.595,2.595,2.686,-0.495,99.0,0,False
ticker_setup_direction_day,COP,MOMENTUM_CONTINUATION,UP,WEDNESDAY,1,1,0,100.0,2.595,2.595,4.402,0.0,99.0,0,False
ticker_setup_direction_day,CRH,MOMENTUM_CONTINUATION,UP,TUESDAY,1,1,0,100.0,2.595,2.595,5.256,0.0,99.0,0,False
ticker_setup_direction_day,CSCO,MOMENTUM_CONTINUATION,UP,MONDAY,1,1,0,100.0,2.595,2.595,2.786,-3.3,99.0,0,False
ticker_setup_direction_day,CVS,MOMENTUM_CONTINUATION,UP,WEDNESDAY,1,1,0,100.0,2.595,2.595,11.104,0.0,99.0,0,False
ticker_setup_direction_day,DASH,MOMENTUM_CONTINUATION,UP,MONDAY,1,1,0,100.0,2.595,2.595,17.379,0.0,99.0,0,False
ticker_setup_direction_day,DASH,MOMENTUM_CONTINUATION,UP,TUESDAY,1,1,0,100.0,2.595,2.595,3.168,-0.882,99.0,0,False
ticker_setup_direction_day,DD,MOMENTUM_CONTINUATION,UP,WEDNESDAY,1,1,0,100.0,2.595,2.595,5.331,0.0,99.0,0,False
ticker_setup_direction_day,DE,MOMENTUM_CONTINUATION,UP,MONDAY,1,1,0,100.0,2.595,2.595,3.424,0.0,99.0,0,False
ticker_setup_direction_day,DECK,MOMENTUM_CONTINUATION,UP,WEDNESDAY,1,1,0,100.0,1.571,1.571,1.716,-1.417,99.0,0,False
ticker_setup_direction_day,DHI,MOMENTUM_CONTINUATION,UP,MONDAY,1,1,0,100.0,2.595,2.595,3.214,-2.412,99.0,0,False
ticker_setup_direction_day,DOW,MOMENTUM_CONTINUATION,UP,MONDAY,1,1,0,100.0,2.595,2.595,2.691,-1.826,99.0,0,False
ticker_setup_direction_day,DVA,MOMENTUM_CONTINUATION,UP,TUESDAY,1,1,0,100.0,2.595,2.595,15.313,0.0,99.0,0,False
ticker_setup_direction_day,EA,MOMENTUM_CONTINUATION,UP,MONDAY,1,1,0,100.0,2.595,2.595,4.825,0.0,99.0,0,False
ticker_setup_direction_day,EFX,MOMENTUM_CONTINUATION,UP,WEDNESDAY,1,1,0,100.0,2.595,2.595,3.865,-0.747,99.0,0,False
ticker_setup_direction_day,EL,MOMENTUM_CONTINUATION,UP,TUESDAY,1,1,0,100.0,2.595,2.595,10.526,0.0,99.0,0,False
ticker_setup_direction_day,EPAM,MOMENTUM_CONTINUATION,UP,MONDAY,1,1,0,100.0,2.595,2.595,4.535,0.0,99.0,0,False
ticker_setup_direction_day,EPAM,MOMENTUM_CONTINUATION,UP,WEDNESDAY,1,1,0,100.0,2.595,2.595,6.964,0.0,99.0,0,False
ticker_setup_direction_day,EQT,MOMENTUM_CONTINUATION,UP,MONDAY,1,1,0,100.0,2.595,2.595,2.675,-0.949,99.0,0,False
ticker_setup_direction_day,EQT,MOMENTUM_CONTINUATION,UP,WEDNESDAY,1,1,0,100.0,2.595,2.595,6.782,0.0,99.0,0,False
ticker_setup_direction_day,ERIE,MOMENTUM_CONTINUATION,UP,MONDAY,1,1,0,100.0,2.595,2.595,5.822,0.0,99.0,0,False
ticker_setup_direction_day,ERIE,MOMENTUM_CONTINUATION,UP,WEDNESDAY,1,1,0,100.0,2.595,2.595,3.041,-1.029,99.0,0,False
ticker_setup_direction_day,EXPD,MOMENTUM_CONTINUATION,UP,TUESDAY,1,1,0,100.0,2.595,2.595,8.338,0.0,99.0,0,False
ticker_setup_direction_day,EXPE,MOMENTUM_CONTINUATION,UP,MONDAY,1,1,0,100.0,2.595,2.595,5.574,0.0,99.0,0,False
ticker_setup_direction_day,EXPE,MOMENTUM_CONTINUATION,UP,TUESDAY,1,1,0,100.0,2.595,2.595,3.444,-0.343,99.0,0,False
ticker_setup_direction_day,EXPE,MOMENTUM_CONTINUATION,UP,WEDNESDAY,1,1,0,100.0,2.595,2.595,4.254,-0.746,99.0,0,False
ticker_setup_direction_day,FCX,MOMENTUM_CONTINUATION,UP,MONDAY,1,1,0,100.0,0.698,0.698,1.571,-1.765,99.0,0,False
ticker_setup_direction_day,FDS,MOMENTUM_CONTINUATION,UP,WEDNESDAY,1,1,0,100.0,2.595,2.595,7.111,0.0,99.0,0,False
ticker_setup_direction_day,FDX,MOMENTUM_CONTINUATION,UP,WEDNESDAY,1,1,0,100.0,2.595,2.595,4.847,-0.007,99.0,0,False
ticker_setup_direction_day,FICO,MOMENTUM_CONTINUATION,UP,WEDNESDAY,1,1,0,100.0,2.595,2.595,7.49,0.0,99.0,0,False
ticker_setup_direction_day,FIS,MOMENTUM_CONTINUATION,UP,TUESDAY,1,1,0,100.0,2.595,2.595,6.035,0.0,99.0,0,False
ticker_setup_direction_day,FIX,MOMENTUM_CONTINUATION,UP,TUESDAY,1,1,0,100.0,2.595,2.595,7.396,0.0,99.0,0,False
ticker_setup_direction_day,FIX,MOMENTUM_CONTINUATION,UP,WEDNESDAY,1,1,0,100.0,0.579,0.579,1.95,-1.553,99.0,0,False
ticker_setup_direction_day,FOX,MOMENTUM_CONTINUATION,UP,MONDAY,1,1,0,100.0,2.595,2.595,4.384,0.0,99.0,0,False
ticker_setup_direction_day,FOXA,MOMENTUM_CONTINUATION,UP,WEDNESDAY,1,1,0,100.0,0.142,0.142,0.344,-2.507,99.0,0,False
ticker_setup_direction_day,GEV,MOMENTUM_CONTINUATION,UP,WEDNESDAY,1,1,0,100.0,2.595,2.595,3.96,0.0,99.0,0,False
ticker_setup_direction_day,GLW,MOMENTUM_CONTINUATION,UP,WEDNESDAY,1,1,0,100.0,2.595,2.595,3.249,-3.561,99.0,0,False
ticker_setup_direction_day,GM,MOMENTUM_CONTINUATION,UP,TUESDAY,1,1,0,100.0,2.595,2.595,8.337,0.0,99.0,0,False
ticker_setup_direction_day,GNRC,MOMENTUM_CONTINUATION,UP,TUESDAY,1,1,0,100.0,2.595,2.595,3.684,-0.174,99.0,0,False
ticker_setup_direction_day,GOOGL,MOMENTUM_CONTINUATION,UP,MONDAY,1,1,0,100.0,2.595,2.595,5.689,0.0,99.0,0,False
ticker_setup_direction_day,GRMN,MOMENTUM_CONTINUATION,UP,MONDAY,1,1,0,100.0,2.595,2.595,3.943,0.0,99.0,0,False
ticker_setup_direction_day,GRMN,MOMENTUM_CONTINUATION,UP,TUESDAY,1,1,0,100.0,2.595,2.595,4.913,0.0,99.0,0,False
ticker_setup_direction_day,GRMN,MOMENTUM_CONTINUATION,UP,WEDNESDAY,1,1,0,100.0,2.595,2.595,10.048,0.0,99.0,0,False
ticker_setup_direction_day,HAL,MOMENTUM_CONTINUATION,UP,TUESDAY,1,1,0,100.0,2.595,2.595,8.425,0.0,99.0,0,False
ticker_setup_direction_day,HAS,MOMENTUM_CONTINUATION,UP,MONDAY,1,1,0,100.0,0.5,0.5,2.368,-4.84,99.0,0,False
ticker_setup_direction_day,HBAN,MOMENTUM_CONTINUATION,UP,MONDAY,1,1,0,100.0,1.748,1.748,2.555,0.0,99.0,0,False
ticker_setup_direction_day,HII,MOMENTUM_CONTINUATION,UP,TUESDAY,1,1,0,100.0,0.5,0.5,2.33,-3.599,99.0,0,False
ticker_setup_direction_day,HPE,MOMENTUM_CONTINUATION,UP,MONDAY,1,1,0,100.0,2.595,2.595,3.77,-2.852,99.0,0,False
ticker_setup_direction_day,HPE,MOMENTUM_CONTINUATION,UP,WEDNESDAY,1,1,0,100.0,2.595,2.595,6.499,0.0,99.0,0,False
ticker_setup_direction_day,HSIC,MOMENTUM_CONTINUATION,UP,WEDNESDAY,1,1,0,100.0,2.595,2.595,4.426,0.0,99.0,0,False
ticker_setup_direction_day,HWM,MOMENTUM_CONTINUATION,UP,TUESDAY,1,1,0,100.0,2.595,2.595,4.733,0.0,99.0,0,False
ticker_setup_direction_day,HWM,MOMENTUM_CONTINUATION,UP,WEDNESDAY,1,1,0,100.0,2.595,2.595,3.083,-0.297,99.0,0,False
ticker_setup_direction_day,IBKR,MOMENTUM_CONTINUATION,UP,MONDAY,1,1,0,100.0,2.595,2.595,6.639,0.0,99.0,0,False
ticker_setup_direction_day,IBM,MOMENTUM_CONTINUATION,UP,MONDAY,1,1,0,100.0,2.595,2.595,5.091,0.0,99.0,0,False
ticker_setup_direction_day,IBM,MOMENTUM_CONTINUATION,UP,TUESDAY,1,1,0,100.0,0.5,0.5,2.2,-3.069,99.0,0,False
ticker_setup_direction_day,IDXX,MOMENTUM_CONTINUATION,UP,TUESDAY,1,1,0,100.0,0.5,0.5,2.425,-0.499,99.0,0,False
ticker_setup_direction_day,INCY,MOMENTUM_CONTINUATION,UP,TUESDAY,1,1,0,100.0,2.595,2.595,9.403,0.0,99.0,0,False
ticker_setup_direction_day,INTU,MOMENTUM_CONTINUATION,UP,TUESDAY,1,1,0,100.0,2.595,2.595,4.729,0.0,99.0,0,False
ticker_setup_direction_day,INVH,MOMENTUM_CONTINUATION,UP,MONDAY,1,1,0,100.0,0.588,0.588,2.118,-2.118,99.0,0,False
ticker_setup_direction_day,IP,MOMENTUM_CONTINUATION,UP,MONDAY,1,1,0,100.0,2.595,2.595,3.122,0.0,99.0,0,False
ticker_setup_direction_day,IQV,MOMENTUM_CONTINUATION,UP,TUESDAY,1,1,0,100.0,2.595,2.595,13.745,0.0,99.0,0,False
ticker_setup_direction_day,IQV,MOMENTUM_CONTINUATION,UP,WEDNESDAY,1,1,0,100.0,2.595,2.595,8.109,0.0,99.0,0,False
ticker_setup_direction_day,IR,MOMENTUM_CONTINUATION,UP,WEDNESDAY,1,1,0,100.0,2.595,2.595,3.158,0.0,99.0,0,False
ticker_setup_direction_day,IVZ,MOMENTUM_CONTINUATION,UP,MONDAY,1,1,0,100.0,2.595,2.595,7.323,-1.039,99.0,0,False
ticker_setup_direction_day,JBHT,MOMENTUM_CONTINUATION,UP,MONDAY,1,1,0,100.0,2.595,2.595,3.641,-1.118,99.0,0,False
ticker_setup_direction_day,JBL,MOMENTUM_CONTINUATION,UP,TUESDAY,1,1,0,100.0,2.595,2.595,11.831,0.0,99.0,0,False
ticker_setup_direction_day,JCI,MOMENTUM_CONTINUATION,UP,WEDNESDAY,1,1,0,100.0,0.62,0.62,1.883,-1.676,99.0,0,False
ticker_setup_direction_day,KEYS,MOMENTUM_CONTINUATION,UP,WEDNESDAY,1,1,0,100.0,2.595,2.595,3.426,-2.962,99.0,0,False
ticker_setup_direction_day,KKR,MOMENTUM_CONTINUATION,UP,MONDAY,1,1,0,100.0,2.595,2.595,5.109,0.0,99.0,0,False
ticker_setup_direction_day,KLAC,MOMENTUM_CONTINUATION,UP,TUESDAY,1,1,0,100.0,2.595,2.595,5.335,0.0,99.0,0,False
ticker_setup_direction_day,KLAC,MOMENTUM_CONTINUATION,UP,WEDNESDAY,1,1,0,100.0,0.299,0.299,1.628,-0.941,99.0,0,False
ticker_setup_direction_day,KVUE,MOMENTUM_CONTINUATION,UP,MONDAY,1,1,0,100.0,2.595,2.595,2.989,0.0,99.0,0,False
ticker_setup_direction_day,KVUE,MOMENTUM_CONTINUATION,UP,TUESDAY,1,1,0,100.0,2.595,2.595,4.466,0.0,99.0,0,False
ticker_setup_direction_day,LDOS,MOMENTUM_CONTINUATION,UP,WEDNESDAY,1,1,0,100.0,2.595,2.595,8.102,0.0,99.0,0,False
ticker_setup_direction_day,LEN,MOMENTUM_CONTINUATION,UP,TUESDAY,1,1,0,100.0,2.595,2.595,4.545,0.0,99.0,0,False
ticker_setup_direction_day,LEN,MOMENTUM_CONTINUATION,UP,WEDNESDAY,1,1,0,100.0,0.076,0.076,0.175,-1.075,99.0,0,False
ticker_setup_direction_day,LLY,MOMENTUM_CONTINUATION,UP,WEDNESDAY,1,1,0,100.0,2.595,2.595,3.073,0.0,99.0,0,False
ticker_setup_direction_day,LULU,MOMENTUM_CONTINUATION,UP,TUESDAY,1,1,0,100.0,2.595,2.595,8.223,-3.735,99.0,0,False
ticker_setup_direction_day,LUV,MOMENTUM_CONTINUATION,UP,TUESDAY,1,1,0,100.0,2.595,2.595,5.54,0.0,99.0,0,False
ticker_setup_direction_day,LUV,MOMENTUM_CONTINUATION,UP,WEDNESDAY,1,1,0,100.0,2.595,2.595,7.696,0.0,99.0,0,False
ticker_setup_direction_day,LVS,MOMENTUM_CONTINUATION,UP,MONDAY,1,1,0,100.0,2.595,2.595,3.251,-1.733,99.0,0,False
ticker_setup_direction_day,LVS,MOMENTUM_CONTINUATION,UP,TUESDAY,1,1,0,100.0,2.595,2.595,3.832,0.0,99.0,0,False
ticker_setup_direction_day,LVS,MOMENTUM_CONTINUATION,UP,WEDNESDAY,1,1,0,100.0,0.902,0.902,2.034,-2.898,99.0,0,False
ticker_setup_direction_day,MDLZ,MOMENTUM_CONTINUATION,UP,WEDNESDAY,1,1,0,100.0,2.595,2.595,4.484,0.0,99.0,0,False
ticker_setup_direction_day,META,MOMENTUM_CONTINUATION,UP,MONDAY,1,1,0,100.0,2.595,2.595,8.932,0.0,99.0,0,False
ticker_setup_direction_day,MPWR,MOMENTUM_CONTINUATION,UP,MONDAY,1,1,0,100.0,2.595,2.595,5.436,-2.183,99.0,0,False
ticker_setup_direction_day,MPWR,MOMENTUM_CONTINUATION,UP,WEDNESDAY,1,1,0,100.0,2.595,2.595,3.411,-0.781,99.0,0,False
ticker_setup_direction_day,MRK,MOMENTUM_CONTINUATION,UP,TUESDAY,1,1,0,100.0,2.595,2.595,3.22,-0.021,99.0,0,False
ticker_setup_direction_day,NDAQ,MOMENTUM_CONTINUATION,UP,MONDAY,1,1,0,100.0,2.595,2.595,4.571,0.0,99.0,0,False
ticker_setup_direction_day,NKE,MOMENTUM_CONTINUATION,UP,MONDAY,1,1,0,100.0,2.595,2.595,3.905,0.0,99.0,0,False
ticker_setup_direction_day,NRG,MOMENTUM_CONTINUATION,UP,WEDNESDAY,1,1,0,100.0,2.595,2.595,2.901,-1.234,99.0,0,False
ticker_setup_direction_day,NTRS,MOMENTUM_CONTINUATION,UP,MONDAY,1,1,0,100.0,2.595,2.595,4.328,-1.034,99.0,0,False
ticker_setup_direction_day,NVDA,MOMENTUM_CONTINUATION,UP,TUESDAY,1,1,0,100.0,2.595,2.595,4.76,0.0,99.0,0,False
ticker_setup_direction_day,NWS,MOMENTUM_CONTINUATION,UP,TUESDAY,1,1,0,100.0,2.595,2.595,2.646,-1.023,99.0,0,False
ticker_setup_direction_day,NXPI,MOMENTUM_CONTINUATION,UP,WEDNESDAY,1,1,0,100.0,2.595,2.595,10.815,0.0,99.0,0,False
ticker_setup_direction_day,ODFL,MOMENTUM_CONTINUATION,UP,WEDNESDAY,1,1,0,100.0,2.595,2.595,7.824,0.0,99.0,0,False
ticker_setup_direction_day,ORCL,MOMENTUM_CONTINUATION,UP,WEDNESDAY,1,1,0,100.0,2.595,2.595,5.724,0.0,99.0,0,False
ticker_setup_direction_day,OXY,MOMENTUM_CONTINUATION,UP,MONDAY,1,1,0,100.0,2.595,2.595,2.789,-4.343,99.0,0,False
ticker_setup_direction_day,PANW,MOMENTUM_CONTINUATION,UP,WEDNESDAY,1,1,0,100.0,2.595,2.595,12.256,0.0,99.0,0,False
ticker_setup_direction_day,PHM,MOMENTUM_CONTINUATION,UP,TUESDAY,1,1,0,100.0,2.595,2.595,5.036,0.0,99.0,0,False
ticker_setup_direction_day,PLD,MOMENTUM_CONTINUATION,UP,MONDAY,1,1,0,100.0,2.595,2.595,3.026,0.0,99.0,0,False
ticker_setup_direction_day,PODD,MOMENTUM_CONTINUATION,UP,MONDAY,1,1,0,100.0,2.595,2.595,4.19,-0.138,99.0,0,False
ticker_setup_direction_day,PODD,MOMENTUM_CONTINUATION,UP,TUESDAY,1,1,0,100.0,2.595,2.595,8.673,0.0,99.0,0,False
ticker_setup_direction_day,PODD,MOMENTUM_CONTINUATION,UP,WEDNESDAY,1,1,0,100.0,2.595,2.595,7.25,0.0,99.0,0,False
ticker_setup_direction_day,PSKY,MOMENTUM_CONTINUATION,UP,TUESDAY,1,1,0,100.0,2.595,2.595,7.277,0.0,99.0,0,False
ticker_setup_direction_day,PSKY,MOMENTUM_CONTINUATION,UP,WEDNESDAY,1,1,0,100.0,2.595,2.595,33.393,0.0,99.0,0,False
ticker_setup_direction_day,PTC,MOMENTUM_CONTINUATION,UP,WEDNESDAY,1,1,0,100.0,2.595,2.595,11.692,0.0,99.0,0,False
ticker_setup_direction_day,PWR,MOMENTUM_CONTINUATION,UP,MONDAY,1,1,0,100.0,2.595,2.595,3.918,-0.889,99.0,0,False
ticker_setup_direction_day,Q,MOMENTUM_CONTINUATION,UP,WEDNESDAY,1,1,0,100.0,2.595,2.595,11.612,0.0,99.0,0,False
ticker_setup_direction_day,QCOM,MOMENTUM_CONTINUATION,UP,TUESDAY,1,1,0,100.0,2.595,2.595,17.805,0.0,99.0,0,False
ticker_setup_direction_day,RCL,MOMENTUM_CONTINUATION,UP,MONDAY,1,1,0,100.0,2.595,2.595,3.553,0.0,99.0,0,False
ticker_setup_direction_day,RCL,MOMENTUM_CONTINUATION,UP,TUESDAY,1,1,0,100.0,2.595,2.595,9.953,0.0,99.0,0,False
ticker_setup_direction_day,REGN,MOMENTUM_CONTINUATION,UP,MONDAY,1,1,0,100.0,2.595,2.595,4.995,0.0,99.0,0,False
ticker_setup_direction_day,REGN,MOMENTUM_CONTINUATION,UP,WEDNESDAY,1,1,0,100.0,2.595,2.595,3.531,-1.07,99.0,0,False
ticker_setup_direction_day,RJF,MOMENTUM_CONTINUATION,UP,MONDAY,1,1,0,100.0,2.595,2.595,3.129,0.0,99.0,0,False
ticker_setup_direction_day,RMD,MOMENTUM_CONTINUATION,UP,TUESDAY,1,1,0,100.0,2.595,2.595,9.136,0.0,99.0,0,False
ticker_setup_direction_day,RMD,MOMENTUM_CONTINUATION,UP,WEDNESDAY,1,1,0,100.0,1.862,1.862,2.361,0.0,99.0,0,False
ticker_setup_direction_day,ROK,MOMENTUM_CONTINUATION,UP,MONDAY,1,1,0,100.0,2.595,2.595,5.618,0.0,99.0,0,False
ticker_setup_direction_day,ROK,MOMENTUM_CONTINUATION,UP,WEDNESDAY,1,1,0,100.0,2.595,2.595,5.096,0.0,99.0,0,False
ticker_setup_direction_day,ROST,MOMENTUM_CONTINUATION,UP,WEDNESDAY,1,1,0,100.0,2.595,2.595,10.779,0.0,99.0,0,False
ticker_setup_direction_day,RVTY,MOMENTUM_CONTINUATION,UP,TUESDAY,1,1,0,100.0,2.595,2.595,4.676,0.0,99.0,0,False
ticker_setup_direction_day,SBUX,MOMENTUM_CONTINUATION,UP,WEDNESDAY,1,1,0,100.0,2.595,2.595,7.439,0.0,99.0,0,False
ticker_setup_direction_day,SNA,MOMENTUM_CONTINUATION,UP,MONDAY,1,1,0,100.0,0.437,0.437,1.006,-1.196,99.0,0,False
ticker_setup_direction_day,STLD,MOMENTUM_CONTINUATION,UP,TUESDAY,1,1,0,100.0,2.595,2.595,7.642,0.0,99.0,0,False
ticker_setup_direction_day,STT,MOMENTUM_CONTINUATION,UP,TUESDAY,1,1,0,100.0,2.595,2.595,7.384,0.0,99.0,0,False
ticker_setup_direction_day,SW,MOMENTUM_CONTINUATION,UP,MONDAY,1,1,0,100.0,2.595,2.595,4.03,-6.498,99.0,0,False
ticker_setup_direction_day,SW,MOMENTUM_CONTINUATION,UP,TUESDAY,1,1,0,100.0,2.595,2.595,3.282,-0.438,99.0,0,False
ticker_setup_direction_day,SWK,MOMENTUM_CONTINUATION,UP,MONDAY,1,1,0,100.0,2.595,2.595,11.177,0.0,99.0,0,False
ticker_setup_direction_day,SWK,MOMENTUM_CONTINUATION,UP,TUESDAY,1,1,0,100.0,2.595,2.595,3.861,-0.067,99.0,0,False
ticker_setup_direction_day,T,MOMENTUM_CONTINUATION,UP,MONDAY,1,1,0,100.0,2.595,2.595,4.596,0.0,99.0,0,False
ticker_setup_direction_day,TAP,MOMENTUM_CONTINUATION,UP,TUESDAY,1,1,0,100.0,2.595,2.595,7.715,0.0,99.0,0,False
ticker_setup_direction_day,TEL,MOMENTUM_CONTINUATION,UP,MONDAY,1,1,0,100.0,2.595,2.595,2.917,0.0,99.0,0,False
ticker_setup_direction_day,TEL,MOMENTUM_CONTINUATION,UP,WEDNESDAY,1,1,0,100.0,2.595,2.595,10.283,0.0,99.0,0,False
ticker_setup_direction_day,TFC,MOMENTUM_CONTINUATION,UP,MONDAY,1,1,0,100.0,2.595,2.595,3.257,0.0,99.0,0,False
ticker_setup_direction_day,TKO,MOMENTUM_CONTINUATION,UP,MONDAY,1,1,0,100.0,2.595,2.595,6.03,0.0,99.0,0,False
ticker_setup_direction_day,TKO,MOMENTUM_CONTINUATION,UP,WEDNESDAY,1,1,0,100.0,2.595,2.595,3.596,0.0,99.0,0,False
ticker_setup_direction_day,TMO,MOMENTUM_CONTINUATION,UP,MONDAY,1,1,0,100.0,2.595,2.595,2.751,0.0,99.0,0,False
ticker_setup_direction_day,TRMB,MOMENTUM_CONTINUATION,UP,WEDNESDAY,1,1,0,100.0,2.595,2.595,12.429,0.0,99.0,0,False
ticker_setup_direction_day,TTD,MOMENTUM_CONTINUATION,UP,MONDAY,1,1,0,100.0,2.595,2.595,7.293,0.0,99.0,0,False
ticker_setup_direction_day,TXN,MOMENTUM_CONTINUATION,UP,WEDNESDAY,1,1,0,100.0,2.595,2.595,8.898,0.0,99.0,0,False
ticker_setup_direction_day,UNH,MOMENTUM_CONTINUATION,UP,TUESDAY,1,1,0,100.0,2.595,2.595,3.386,-4.76,99.0,0,False
ticker_setup_direction_day,UNH,MOMENTUM_CONTINUATION,UP,WEDNESDAY,1,1,0,100.0,2.595,2.595,4.964,0.0,99.0,0,False
ticker_setup_direction_day,VRSN,MOMENTUM_CONTINUATION,UP,MONDAY,1,1,0,100.0,2.595,2.595,2.812,0.0,99.0,0,False
ticker_setup_direction_day,VTRS,MOMENTUM_CONTINUATION,UP,MONDAY,1,1,0,100.0,2.595,2.595,8.672,0.0,99.0,0,False
ticker_setup_direction_day,VTRS,MOMENTUM_CONTINUATION,UP,WEDNESDAY,1,1,0,100.0,2.595,2.595,5.709,0.0,99.0,0,False
ticker_setup_direction_day,WAT,MOMENTUM_CONTINUATION,UP,TUESDAY,1,1,0,100.0,2.595,2.595,4.958,0.0,99.0,0,False
ticker_setup_direction_day,WBD,MOMENTUM_CONTINUATION,UP,TUESDAY,1,1,0,100.0,2.595,2.595,3.055,-2.342,99.0,0,False
ticker_setup_direction_day,WDAY,MOMENTUM_CONTINUATION,UP,MONDAY,1,1,0,100.0,2.595,2.595,2.623,-0.219,99.0,0,False
ticker_setup_direction_day,WDAY,MOMENTUM_CONTINUATION,UP,TUESDAY,1,1,0,100.0,1.227,1.227,2.054,-0.788,99.0,0,False
ticker_setup_direction_day,WSM,MOMENTUM_CONTINUATION,UP,WEDNESDAY,1,1,0,100.0,2.595,2.595,2.604,-1.523,99.0,0,False
ticker_setup_direction_day,WYNN,MOMENTUM_CONTINUATION,UP,TUESDAY,1,1,0,100.0,2.595,2.595,8.352,0.0,99.0,0,False
ticker_setup_direction_day,WYNN,MOMENTUM_CONTINUATION,UP,WEDNESDAY,1,1,0,100.0,2.595,2.595,3.677,-0.663,99.0,0,False
ticker_setup_direction_day,YUM,MOMENTUM_CONTINUATION,UP,MONDAY,1,1,0,100.0,2.595,2.595,3.669,0.0,99.0,0,False
ticker_setup_direction_day,CVNA,MOMENTUM_CONTINUATION,UP,MONDAY,13,12,1,92.3077,2.3522,2.595,6.4415,-1.0505,73.4621,0,False
ticker_setup_direction_day,NEM,MOMENTUM_CONTINUATION,UP,TUESDAY,3,2,1,66.6667,1.6443,2.595,2.7357,-0.9543,20.1946,0,False
ticker_setup_direction_day,VST,MOMENTUM_CONTINUATION,UP,MONDAY,9,8,1,88.8889,2.0107,2.595,5.004,-1.7469,18.7412,0,False
ticker_setup_direction_day,DRI,MOMENTUM_CONTINUATION,UP,MONDAY,2,1,1,50.0,1.199,1.199,1.8485,-1.2265,13.1726,0,False
ticker_setup_direction_day,CEG,MOMENTUM_CONTINUATION,UP,WEDNESDAY,5,4,1,80.0,1.8628,2.595,4.9498,-0.7722,9.7373,0,False
ticker_setup_direction_day,SBUX,MOMENTUM_CONTINUATION,UP,MONDAY,2,1,1,50.0,1.1225,1.1225,2.436,-1.3675,7.4143,0,False
ticker_setup_direction_day,GEV,MOMENTUM_CONTINUATION,UP,MONDAY,3,2,1,66.6667,1.491,2.595,4.183,-1.9427,7.2385,0,False
ticker_setup_direction_day,HOOD,MOMENTUM_CONTINUATION,UP,WEDNESDAY,7,6,1,85.7143,1.903,2.595,4.6761,-1.7764,6.9231,0,False
ticker_setup_direction_day,LULU,MOMENTUM_CONTINUATION,UP,MONDAY,3,2,1,66.6667,0.8693,0.5,2.2777,-1.8937,6.3552,0,False
ticker_setup_direction_day,APP,MOMENTUM_CONTINUATION,UP,WEDNESDAY,8,7,1,87.5,1.8975,2.595,7.29,-0.767,6.0854,0,False
ticker_setup_direction_day,MU,MOMENTUM_CONTINUATION,UP,TUESDAY,10,9,1,90.0,1.9419,2.595,7.2643,-1.5713,5.9337,0,False
ticker_setup_direction_day,ULTA,MOMENTUM_CONTINUATION,UP,MONDAY,4,3,1,75.0,1.1703,1.5475,2.8197,-2.3692,5.6392,0,False
ticker_setup_direction_day,NRG,MOMENTUM_CONTINUATION,UP,TUESDAY,4,3,1,75.0,1.5873,2.595,4.3498,-1.2085,5.4213,0,False
ticker_setup_direction_day,HOOD,MOMENTUM_CONTINUATION,UP,MONDAY,18,16,2,88.8889,1.8478,2.595,7.7301,-2.0507,5.0266,0,False
ticker_setup_direction_day,FTNT,MOMENTUM_CONTINUATION,UP,TUESDAY,4,3,1,75.0,1.4698,2.595,3.7847,-1.6822,4.0845,0,False
ticker_setup_direction_day,WDC,MOMENTUM_CONTINUATION,UP,WEDNESDAY,6,5,1,83.3333,1.567,2.595,7.7195,-1.2372,3.6314,0,False
ticker_setup_direction_day,ORCL,MOMENTUM_CONTINUATION,UP,MONDAY,6,5,1,83.3333,1.5348,2.595,3.818,-1.7825,3.4453,0,False
ticker_setup_direction_day,STX,MOMENTUM_CONTINUATION,UP,WEDNESDAY,8,7,1,87.5,1.4108,2.595,7.8758,-1.7812,3.3122,0,False
ticker_setup_direction_day,MRNA,MOMENTUM_CONTINUATION,UP,TUESDAY,11,10,1,90.9091,1.6318,2.595,10.6978,-1.9253,3.2437,0,False
ticker_setup_direction_day,PLTR,MOMENTUM_CONTINUATION,UP,TUESDAY,10,9,1,90.0,1.5355,2.595,5.9079,-3.0283,2.9194,0,False
ticker_setup_direction_day,COHR,MOMENTUM_CONTINUATION,UP,TUESDAY,5,4,1,80.0,1.3336,2.595,4.1936,-2.087,2.7963,0,False
ticker_setup_direction_day,CVNA,MOMENTUM_CONTINUATION,UP,TUESDAY,10,9,1,90.0,1.3492,2.595,5.1297,-1.7103,2.6865,0,False
ticker_setup_direction_day,COIN,MOMENTUM_CONTINUATION,UP,WEDNESDAY,9,8,1,88.8889,1.4178,2.595,9.5806,-2.65,2.595,0,False
ticker_setup_direction_day,TPL,MOMENTUM_CONTINUATION,UP,WEDNESDAY,4,3,1,75.0,1.1398,2.595,7.8197,-2.3338,2.4132,0,False
ticker_setup_direction_day,KEYS,MOMENTUM_CONTINUATION,UP,TUESDAY,2,1,1,50.0,0.6615,0.6615,5.6315,-1.868,2.0401,0,False
ticker_setup_direction_day,SATS,MOMENTUM_CONTINUATION,UP,WEDNESDAY,7,6,1,85.7143,1.0814,2.595,7.5936,-1.8896,1.9463,0,False
ticker_setup_direction_day,TSLA,MOMENTUM_CONTINUATION,UP,TUESDAY,7,6,1,85.7143,1.0814,2.595,5.9906,-2.4719,1.9463,0,False
ticker_setup_direction_day,SATS,MOMENTUM_CONTINUATION,UP,MONDAY,14,12,2,85.7143,1.0814,2.595,5.0408,-2.6895,1.9462,0,False
ticker_setup_direction_day,CCL,MOMENTUM_CONTINUATION,UP,TUESDAY,5,4,1,80.0,0.9566,2.595,4.279,-1.1746,1.8546,0,False
ticker_setup_direction_day,PLTR,MOMENTUM_CONTINUATION,UP,MONDAY,11,9,2,81.8182,0.9425,2.595,4.3465,-2.6192,1.7983,0,False
ticker_setup_direction_day,NFLX,MOMENTUM_CONTINUATION,UP,MONDAY,2,1,1,50.0,0.574,0.574,1.937,-1.404,1.7934,0,False
ticker_setup_direction_day,GLW,MOMENTUM_CONTINUATION,UP,TUESDAY,6,5,1,83.3333,0.8292,2.595,6.1228,-1.7357,1.6219,0,False
ticker_setup_direction_day,VST,MOMENTUM_CONTINUATION,UP,TUESDAY,6,5,1,83.3333,0.8292,2.595,6.1133,-1.561,1.6219,0,False
ticker_setup_direction_day,CNC,MOMENTUM_CONTINUATION,UP,TUESDAY,3,2,1,66.6667,0.6347,2.595,9.4253,-2.5847,1.5794,0,False
ticker_setup_direction_day,TER,MOMENTUM_CONTINUATION,UP,TUESDAY,4,3,1,75.0,0.6898,2.595,5.3185,-1.5697,1.5489,0,False
ticker_setup_direction_day,LITE,MOMENTUM_CONTINUATION,UP,WEDNESDAY,17,14,3,82.3529,0.7253,2.595,7.199,-2.2604,1.5137,0,False
ticker_setup_direction_day,APP,MOMENTUM_CONTINUATION,UP,TUESDAY,12,10,2,83.3333,0.6546,2.595,6.3533,-4.2415,1.4909,0,False
ticker_setup_direction_day,UNH,MOMENTUM_CONTINUATION,UP,MONDAY,2,1,1,50.0,0.378,0.378,6.974,-2.7905,1.4111,0,False
ticker_setup_direction_day,GOOGL,MOMENTUM_CONTINUATION,UP,TUESDAY,2,1,1,50.0,0.373,0.373,3.587,-1.444,1.4035,0,False
ticker_setup_direction_day,INCY,MOMENTUM_CONTINUATION,UP,MONDAY,2,1,1,50.0,0.329,0.329,5.4355,-1.251,1.3397,0,False
ticker_setup_direction_day,SMCI,MOMENTUM_CONTINUATION,UP,MONDAY,10,8,2,80.0,0.476,2.595,8.5786,-4.4487,1.2975,0,False
ticker_setup_direction_day,ALB,MOMENTUM_CONTINUATION,UP,MONDAY,5,4,1,80.0,0.476,2.595,3.968,-3.5756,1.2975,0,False
ticker_setup_direction_day,APA,MOMENTUM_CONTINUATION,UP,TUESDAY,5,4,1,80.0,0.476,2.595,4.473,-4.3414,1.2975,0,False
ticker_setup_direction_day,CIEN,MOMENTUM_CONTINUATION,UP,WEDNESDAY,5,4,1,80.0,0.476,2.595,6.1926,-3.4964,1.2975,0,False
ticker_setup_direction_day,FSLR,MOMENTUM_CONTINUATION,UP,TUESDAY,5,4,1,80.0,0.476,2.595,10.9084,-2.5572,1.2975,0,False
ticker_setup_direction_day,TSLA,MOMENTUM_CONTINUATION,UP,MONDAY,5,4,1,80.0,0.476,2.595,7.5146,-1.7312,1.2975,0,False
ticker_setup_direction_day,VRT,MOMENTUM_CONTINUATION,UP,WEDNESDAY,7,4,3,57.1429,0.1241,2.595,3.326,-2.7947,1.0914,0,False
ticker_setup_direction_day,INTC,MOMENTUM_CONTINUATION,UP,TUESDAY,10,7,3,70.0,0.0652,2.595,8.4076,-2.8323,1.0372,0,False
ticker_setup_direction_day,FSLR,MOMENTUM_CONTINUATION,UP,WEDNESDAY,5,4,1,80.0,0.057,2.595,9.6404,-2.803,1.0356,0,False
ticker_setup_direction_day,COIN,MOMENTUM_CONTINUATION,UP,MONDAY,8,6,2,75.0,-0.0537,2.595,7.1559,-3.2194,0.9731,0,False
ticker_setup_direction_day,CCL,MOMENTUM_CONTINUATION,UP,MONDAY,4,3,1,75.0,-0.0537,2.595,5.295,-2.1985,0.9731,0,False
ticker_setup_direction_day,TPR,MOMENTUM_CONTINUATION,UP,MONDAY,4,3,1,75.0,-0.0537,2.595,3.064,-2.8068,0.9731,0,False
ticker_setup_direction_day,HOOD,MOMENTUM_CONTINUATION,UP,TUESDAY,11,8,3,72.7273,-0.2945,2.595,5.3273,-3.0753,0.865,0,False
ticker_setup_direction_day,COIN,MOMENTUM_CONTINUATION,UP,TUESDAY,6,4,2,66.6667,-0.329,2.595,9.1302,-3.3942,0.8402,0,False
ticker_setup_direction_day,WDC,MOMENTUM_CONTINUATION,UP,TUESDAY,7,5,2,71.4286,-0.4321,2.595,8.7651,-3.0043,0.8109,0,False
ticker_setup_direction_day,MCHP,MOMENTUM_CONTINUATION,UP,WEDNESDAY,3,2,1,66.6667,-0.406,2.595,7.3513,-2.245,0.8099,0,False
ticker_setup_direction_day,WBD,MOMENTUM_CONTINUATION,UP,MONDAY,6,3,3,50.0,-0.3883,0.794,3.527,-2.9485,0.7696,0,False
ticker_setup_direction_day,BBY,MOMENTUM_CONTINUATION,UP,TUESDAY,2,1,1,50.0,-0.1865,-0.1865,1.6995,-1.197,0.7513,0,False
ticker_setup_direction_day,ALB,MOMENTUM_CONTINUATION,UP,WEDNESDAY,4,3,1,75.0,-0.501,1.7005,5.941,-3.3237,0.7495,0,False
ticker_setup_direction_day,BG,MOMENTUM_CONTINUATION,UP,MONDAY,3,1,2,33.3333,-0.346,-0.204,2.5817,-2.863,0.7143,0,False
ticker_setup_direction_day,DAL,MOMENTUM_CONTINUATION,UP,MONDAY,2,1,1,50.0,-0.1195,-0.1195,1.9645,-2.773,0.6766,0,False
ticker_setup_direction_day,FTNT,MOMENTUM_CONTINUATION,UP,WEDNESDAY,2,1,1,50.0,-0.666,-0.666,4.0425,-2.713,0.6608,0,False
ticker_setup_direction_day,SMCI,MOMENTUM_CONTINUATION,UP,TUESDAY,6,4,2,66.6667,-0.9367,2.595,9.8807,-5.3605,0.6488,0,False
ticker_setup_direction_day,SMCI,MOMENTUM_CONTINUATION,UP,WEDNESDAY,6,4,2,66.6667,-0.9367,2.595,7.3442,-3.8602,0.6488,0,False
ticker_setup_direction_day,TSLA,MOMENTUM_CONTINUATION,UP,WEDNESDAY,6,4,2,66.6667,-0.9367,2.595,3.8252,-3.977,0.6488,0,False
ticker_setup_direction_day,APA,MOMENTUM_CONTINUATION,UP,MONDAY,3,2,1,66.6667,-0.9367,2.595,3.896,-3.0223,0.6488,0,False
ticker_setup_direction_day,AVGO,MOMENTUM_CONTINUATION,UP,WEDNESDAY,3,2,1,66.6667,-0.9367,2.595,4.0593,-3.0393,0.6488,0,False
ticker_setup_direction_day,CF,MOMENTUM_CONTINUATION,UP,MONDAY,3,2,1,66.6667,-0.9367,2.595,2.7287,-3.1903,0.6488,0,False
ticker_setup_direction_day,PSKY,MOMENTUM_CONTINUATION,UP,MONDAY,3,2,1,66.6667,-0.9367,2.595,7.8363,-4.528,0.6488,0,False
ticker_setup_direction_day,DECK,MOMENTUM_CONTINUATION,UP,MONDAY,2,1,1,50.0,-0.967,-0.967,1.781,-2.7615,0.573,0,False
ticker_setup_direction_day,DG,MOMENTUM_CONTINUATION,UP,MONDAY,4,2,2,50.0,-2.7025,-2.7025,2.7297,-4.2655,0.3244,0,False
ticker_setup_direction_day,BBY,MOMENTUM_CONTINUATION,UP,MONDAY,2,1,1,50.0,-2.7025,-2.7025,1.371,-4.154,0.3244,0,False
ticker_setup_direction_day,KEY,MOMENTUM_CONTINUATION,UP,MONDAY,2,1,1,50.0,-2.7025,-2.7025,1.6785,-4.56,0.3244,0,False
ticker_setup_direction_day,LYB,MOMENTUM_CONTINUATION,UP,MONDAY,2,1,1,50.0,-2.7025,-2.7025,5.5165,-7.9115,0.3244,0,False
ticker_setup_direction_day,DLTR,MOMENTUM_CONTINUATION,UP,WEDNESDAY,3,1,2,33.3333,-3.3257,-4.572,4.9243,-5.3213,0.2064,0,False
ticker_setup_direction_day,INTU,MOMENTUM_CONTINUATION,UP,WEDNESDAY,2,1,1,50.0,-1.6065,-1.6065,0.5995,-3.2665,0.0572,0,False
ticker_setup_direction_day,EL,MOMENTUM_CONTINUATION,UP,MONDAY,2,0,2,0.0,-4.7045,-4.7045,0.0,-7.0415,0.0,0,False
ticker_setup_direction_day,GM,MOMENTUM_CONTINUATION,UP,MONDAY,2,0,2,0.0,-2.6055,-2.6055,0.805,-4.0305,0.0,0,False
ticker_setup_direction_day,AKAM,MOMENTUM_CONTINUATION,UP,WEDNESDAY,1,0,1,0.0,-3.807,-3.807,1.357,-3.984,0.0,0,False
ticker_setup_direction_day,AMGN,MOMENTUM_CONTINUATION,UP,TUESDAY,1,0,1,0.0,-1.199,-1.199,0.587,-2.79,0.0,0,False
ticker_setup_direction_day,APH,MOMENTUM_CONTINUATION,UP,WEDNESDAY,1,0,1,0.0,-0.224,-0.224,0.816,-6.827,0.0,0,False
ticker_setup_direction_day,AVGO,MOMENTUM_CONTINUATION,UP,TUESDAY,1,0,1,0.0,-8.0,-8.0,0.0,-8.905,0.0,0,False
ticker_setup_direction_day,AWK,MOMENTUM_CONTINUATION,UP,MONDAY,1,0,1,0.0,-1.272,-1.272,1.95,-4.966,0.0,0,False
ticker_setup_direction_day,BAX,MOMENTUM_CONTINUATION,UP,WEDNESDAY,1,0,1,0.0,-3.979,-3.979,0.0,-5.398,0.0,0,False
ticker_setup_direction_day,BF-B,MOMENTUM_CONTINUATION,UP,MONDAY,1,0,1,0.0,-8.0,-8.0,2.208,-10.258,0.0,0,False
ticker_setup_direction_day,BF-B,MOMENTUM_CONTINUATION,UP,WEDNESDAY,1,0,1,0.0,-0.619,-0.619,0.508,-1.9,0.0,0,False
ticker_setup_direction_day,CBRE,MOMENTUM_CONTINUATION,UP,WEDNESDAY,1,0,1,0.0,-1.596,-1.596,1.212,-3.013,0.0,0,False
ticker_setup_direction_day,DOW,MOMENTUM_CONTINUATION,UP,TUESDAY,1,0,1,0.0,-8.0,-8.0,1.655,-14.227,0.0,0,False
ticker_setup_direction_day,EBAY,MOMENTUM_CONTINUATION,UP,WEDNESDAY,1,0,1,0.0,-2.946,-2.946,1.811,-3.019,0.0,0,False
ticker_setup_direction_day,ERIE,MOMENTUM_CONTINUATION,UP,TUESDAY,1,0,1,0.0,-0.501,-0.501,1.303,-2.359,0.0,0,False
ticker_setup_direction_day,FDX,MOMENTUM_CONTINUATION,UP,MONDAY,1,0,1,0.0,-1.382,-1.382,1.036,-2.029,0.0,0,False
ticker_setup_direction_day,FFIV,MOMENTUM_CONTINUATION,UP,WEDNESDAY,1,0,1,0.0,-3.173,-3.173,0.16,-3.264,0.0,0,False
ticker_setup_direction_day,FIS,MOMENTUM_CONTINUATION,UP,WEDNESDAY,1,0,1,0.0,-1.221,-1.221,0.685,-2.293,0.0,0,False
ticker_setup_direction_day,GM,MOMENTUM_CONTINUATION,UP,WEDNESDAY,1,0,1,0.0,-3.663,-3.663,0.463,-3.959,0.0,0,False
ticker_setup_direction_day,HPQ,MOMENTUM_CONTINUATION,UP,MONDAY,1,0,1,0.0,-0.137,-0.137,0.795,-3.671,0.0,0,False
ticker_setup_direction_day,JBL,MOMENTUM_CONTINUATION,UP,WEDNESDAY,1,0,1,0.0,-2.139,-2.139,0.0,-7.012,0.0,0,False
ticker_setup_direction_day,KEYS,MOMENTUM_CONTINUATION,UP,MONDAY,1,0,1,0.0,-0.657,-0.657,0.297,-2.198,0.0,0,False
ticker_setup_direction_day,LH,MOMENTUM_CONTINUATION,UP,MONDAY,1,0,1,0.0,-2.388,-2.388,0.099,-6.052,0.0,0,False
ticker_setup_direction_day,LUV,MOMENTUM_CONTINUATION,UP,MONDAY,1,0,1,0.0,-3.477,-3.477,1.264,-4.167,0.0,0,False
ticker_setup_direction_day,MNST,MOMENTUM_CONTINUATION,UP,TUESDAY,1,0,1,0.0,-0.488,-0.488,0.867,-1.156,0.0,0,False
ticker_setup_direction_day,MSCI,MOMENTUM_CONTINUATION,UP,TUESDAY,1,0,1,0.0,-1.716,-1.716,0.0,-3.706,0.0,0,False
ticker_setup_direction_day,NEM,MOMENTUM_CONTINUATION,UP,WEDNESDAY,1,0,1,0.0,-8.0,-8.0,1.186,-8.586,0.0,0,False
ticker_setup_direction_day,NOC,MOMENTUM_CONTINUATION,UP,WEDNESDAY,1,0,1,0.0,-8.0,-8.0,1.424,-16.194,0.0,0,False
ticker_setup_direction_day,NWSA,MOMENTUM_CONTINUATION,UP,TUESDAY,1,0,1,0.0,-2.353,-2.353,1.436,-3.949,0.0,0,False
ticker_setup_direction_day,POOL,MOMENTUM_CONTINUATION,UP,WEDNESDAY,1,0,1,0.0,-5.665,-5.665,0.737,-6.86,0.0,0,False
ticker_setup_direction_day,SCHW,MOMENTUM_CONTINUATION,UP,TUESDAY,1,0,1,0.0,-2.084,-2.084,1.353,-2.572,0.0,0,False
ticker_setup_direction_day,SOLV,MOMENTUM_CONTINUATION,UP,WEDNESDAY,1,0,1,0.0,-4.491,-4.491,1.437,-6.647,0.0,0,False
ticker_setup_direction_day,TSN,MOMENTUM_CONTINUATION,UP,MONDAY,1,0,1,0.0,-1.485,-1.485,0.303,-3.114,0.0,0,False
ticker_setup_direction_day,UHS,MOMENTUM_CONTINUATION,UP,MONDAY,1,0,1,0.0,-1.131,-1.131,1.549,-2.175,0.0,0,False
ticker_setup_direction_day,WAT,MOMENTUM_CONTINUATION,UP,MONDAY,1,0,1,0.0,-0.643,-0.643,1.649,-3.354,0.0,0,False
ticker_setup_direction_day,WRB,MOMENTUM_CONTINUATION,UP,MONDAY,1,0,1,0.0,-8.0,-8.0,0.238,-8.576,0.0,0,False
ticker_setup_direction_day,WSM,MOMENTUM_CONTINUATION,UP,TUESDAY,1,0,1,0.0,-8.0,-8.0,1.74,-8.583,0.0,0,False
